Country,City,Year,Month,Number_of_Tourists,Purpose_of_Visit,Average_Length_of_Stay,Tourist_Spending_USD,Hotel_Occupancy_Rate,Number_of_Hotels,Hotel_Rating,Average_Room_Price_USD,Tourism_Revenue_USD,Employment_in_Tourism,Contribution_to_GDP_Percent,Number_of_Flights,Airport_Passenger_Traffic,Transport_Infrastructure_Quality,Eco_Tourism_Revenue_USD,Carbon_Footprint_kg,Waste_Management_Rating,Tourist_Satisfaction_Score,Number_of_Online_Reviews
Italy,Venice,2022,2,171958,Cultural,12.4,1325.46,79.0,70,1-star,120.21,227923.45,21850,2.9,3944,225203,2.3,48484.36,21075968.92,7.5,9.7,2533
India,Mumbai,2020,3,55311,Religious,14.9,3278.67,70.6,302,Unrated,244.38,181346.52,46434,12.6,2547,704811,9.8,19620.39,7535713.0,6.6,6.9,1367
Japan,Tokyo,2022,4,81551,Leisure,8.1,4369.73,74.0,378,1-star,79.27,356355.85,15627,18.9,2561,255041,4.5,19240.21,15686948.95,3.2,8.4,875
United Kingdom,Manchester,2021,1,160510,Educational,4.3,2259.77,49.1,437,2-star,190.27,362715.68,16653,5.0,4343,221829,1.3,94513.26,44927014.38,4.6,9.6,7729
Egypt,Luxor,2022,12,141387,Cultural,2.6,1963.99,59.4,387,5-star,292.86,277682.65,26271,7.8,879,566588,2.3,69573.18,18354896.74,9.9,8.9,2127
Italy,Rome,2023,7,183767,Religious,2.1,4169.58,75.3,212,3-star,405.58,766231.21,17666,2.4,2778,900937,2.0,203645.76,64193350.75,4.0,5.3,2554
Japan,Osaka,2020,7,127373,Religious,6.2,3783.23,71.9,84,1-star,262.5,481881.35,13110,14.6,4340,264020,6.1,116972.74,37895790.6,5.7,7.1,7821
Brazil,Sao Paulo,2020,8,73419,Religious,3.4,641.43,71.8,101,1-star,303.47,47093.15,27403,18.2,2178,823290,2.8,13455.14,24929141.47,7.3,9.4,9889
United Arab Emirates,Dubai,2020,2,159556,Educational,13.3,4116.52,49.3,335,3-star,447.48,656815.47,23047,16.3,3802,437261,2.0,70268.61,43214644.13,8.4,9.3,7626
France,Paris,2024,8,71959,Leisure,8.9,2681.73,74.6,283,1-star,201.93,192974.61,39766,4.2,4243,643128,4.6,12779.37,14504499.71,3.2,8.5,7654
India,Delhi,2021,2,117172,Family Visit,5.7,665.99,70.5,179,1-star,234.97,78035.38,5854,6.3,3974,227789,2.3,13450.43,57913454.0,3.2,8.4,302
Turkey,Istanbul,2022,5,159751,Educational,5.1,3776.97,58.4,421,3-star,492.54,603374.73,28509,11.2,1108,405528,3.9,58303.88,18580647.86,6.3,8.4,6646
Greece,Athens,2022,2,174249,Educational,8.7,1519.23,72.3,357,Unrated,473.24,264724.31,23343,8.3,2885,323255,2.2,35808.35,25333959.04,9.3,9.4,362
Turkey,Antalya,2023,12,96843,Cultural,4.3,4919.76,65.8,418,4-star,158.83,476444.32,43191,19.3,3608,341999,6.7,64204.42,23211701.13,7.5,9.5,6395
Germany,Frankfurt,2021,4,170885,Educational,12.1,3389.14,44.2,469,4-star,454.35,579153.19,7557,18.9,2700,817836,3.6,73170.77,50282142.51,5.0,10.0,8452
United States,San Francisco,2023,10,88467,Medical,5.1,1964.3,77.3,433,2-star,384.88,173775.73,38986,13.5,3604,306687,1.8,24663.81,18231363.14,3.2,9.9,3536
Germany,Berlin,2021,9,126213,Business,13.8,2454.77,57.5,146,4-star,309.61,309823.89,46919,17.4,3567,221836,5.5,59796.34,51421903.12,1.4,10.0,2305
Spain,Seville,2021,11,93484,Religious,5.6,4475.72,77.4,86,3-star,467.74,418408.21,36216,11.5,1106,509451,8.7,51720.37,23748590.42,8.7,6.6,8419
United States,Miami,2020,9,76641,Cultural,9.2,4712.7,74.8,409,3-star,81.69,361186.04,12455,13.8,2186,872209,3.3,44723.01,17552345.25,8.6,5.7,7443
Egypt,Luxor,2023,5,155510,Religious,5.8,4142.13,80.5,458,5-star,325.18,644142.64,28355,10.7,4631,906748,2.7,43631.15,40232541.19,1.5,9.4,9458
China,Guangzhou,2024,7,194475,Religious,9.5,2473.13,73.6,100,4-star,259.52,480961.96,27677,12.2,2215,120313,8.4,67357.6,29331537.28,5.7,8.8,3151
Japan,Kyoto,2023,1,164692,Family Visit,7.9,4289.1,49.7,399,3-star,293.29,706380.46,44734,3.6,4864,283841,5.6,92351.56,68853521.92,3.4,7.2,9661
Greece,Athens,2023,4,140852,Leisure,4.4,863.93,61.4,445,3-star,234.03,121686.27,6081,18.4,3349,227247,5.9,27823.44,51281248.36,3.5,9.8,4170
Brazil,Sao Paulo,2022,6,79375,Medical,9.2,3252.74,61.0,125,4-star,304.72,258186.24,8506,15.4,3244,405612,2.0,15878.62,9230639.47,8.7,8.5,6717
United States,San Francisco,2020,12,171172,Family Visit,8.2,1279.41,61.7,72,5-star,71.63,218999.17,19069,13.1,3349,700419,4.4,45215.66,51566335.86,8.7,8.3,4711
Thailand,Bangkok,2023,9,77663,Cultural,2.9,3390.89,41.3,433,Unrated,336.38,263346.69,5851,11.9,4246,403824,5.1,49088.93,37013092.58,4.5,9.8,4013
Germany,Munich,2022,6,132986,Educational,4.5,812.13,45.0,435,1-star,67.53,108001.92,39850,7.4,4685,599639,4.5,23803.99,31417919.6,3.3,7.5,925
Mexico,Cancun,2023,9,139588,Family Visit,6.5,4714.92,42.0,266,3-star,411.57,658146.25,32384,11.4,3004,741095,8.3,195881.62,36997390.51,4.3,8.9,9979
Brazil,Sao Paulo,2021,8,188429,Educational,9.3,1573.69,74.0,328,3-star,389.54,296528.83,26352,8.2,4452,588685,5.5,43709.69,41276139.32,1.9,5.3,7500
Canada,Toronto,2023,9,109163,Educational,14.4,4777.73,68.7,416,4-star,87.48,521551.34,42259,7.2,3438,399652,7.8,129289.84,45395134.13,1.8,7.5,6641
Australia,Melbourne,2020,9,176174,Business,2.7,3816.66,67.3,380,3-star,102.68,672396.26,11731,14.1,1453,281915,8.8,174567.65,47643895.81,3.0,7.0,7038
Italy,Rome,2023,1,69065,Business,3.9,2809.97,51.7,185,2-star,218.42,194070.58,31432,17.7,2180,742440,6.3,26695.29,26470713.71,5.3,6.9,4286
Mexico,Cancun,2023,3,75289,Educational,13.8,1000.39,64.6,190,4-star,232.34,75318.36,8709,2.1,955,456332,8.4,17779.12,28038810.97,3.1,7.0,1631
France,Marseille,2024,6,78016,Cultural,3.1,2877.67,61.8,107,5-star,55.47,224504.3,27700,1.8,4675,536261,9.3,62811.57,15696512.38,7.3,5.4,6290
India,Delhi,2020,2,67640,Educational,4.8,1825.22,89.8,103,Unrated,312.94,123457.88,24087,15.0,1853,978479,1.5,18349.6,9652392.12,4.0,5.8,6919
United States,Los Angeles,2024,9,111529,Cultural,7.0,1532.28,53.3,406,1-star,488.48,170893.66,25159,9.6,3008,740907,3.4,14234.81,14552320.85,9.5,7.1,4904
France,Nice,2022,12,100990,Business,13.9,872.37,83.8,300,4-star,70.35,88100.65,6015,8.2,3636,674785,9.9,7717.99,34099504.38,4.4,9.8,7038
Canada,Montreal,2024,4,96540,Religious,2.8,665.7,46.7,454,4-star,75.37,64266.68,34189,14.1,3256,934574,7.7,17884.87,32250134.34,7.5,8.8,4278
Germany,Frankfurt,2023,7,194528,Religious,5.1,1422.7,52.6,222,4-star,322.78,276754.99,26949,17.7,2323,142193,4.2,21694.66,71708716.24,5.7,8.9,4463
South Africa,Johannesburg,2023,12,165765,Medical,14.6,897.84,79.6,450,1-star,110.31,148830.45,24758,9.0,1752,876196,6.8,37395.31,76460834.1,6.6,9.9,9621
Thailand,Chiang Mai,2024,11,105393,Business,10.3,2996.67,44.6,357,5-star,296.35,315828.04,36703,18.3,3677,303490,7.3,78678.43,29904075.25,8.6,8.8,6071
Greece,Santorini,2024,7,175911,Leisure,2.6,3293.63,57.4,175,5-star,335.03,579385.75,17015,7.5,1260,729574,2.2,50971.85,27359590.71,6.8,5.9,8572
Germany,Munich,2020,7,151570,Educational,8.7,4879.0,70.1,100,3-star,68.39,739510.03,26508,7.6,4400,335205,1.8,59278.36,43093095.15,2.9,6.8,7340
Singapore,Singapore City,2022,5,73321,Cultural,12.4,3325.55,44.1,399,2-star,120.64,243832.65,9432,6.3,2555,964032,6.4,72312.05,23069445.1,9.3,6.2,8250
Germany,Frankfurt,2022,3,117661,Family Visit,8.0,3863.62,41.8,361,Unrated,109.9,454597.39,10122,18.0,3297,498874,5.8,34909.9,32823294.6,5.8,6.2,8252
Turkey,Istanbul,2021,4,161076,Business,4.4,3037.84,82.0,135,3-star,197.37,489323.12,9632,17.9,3783,449384,7.1,121006.09,48222430.25,1.8,7.7,8043
Italy,Venice,2022,2,131264,Educational,9.3,2204.48,56.9,229,5-star,340.66,289368.86,39529,5.6,2862,853692,4.0,82013.78,13521996.26,3.0,6.8,6867
Singapore,Sentosa Island,2023,6,126125,Educational,4.3,4535.44,44.0,292,2-star,58.21,572032.37,9324,19.7,505,696465,6.2,159796.62,12879885.32,9.8,7.5,5660
Thailand,Phuket,2023,3,103441,Educational,9.2,3072.26,54.0,349,3-star,142.28,317797.65,35105,7.1,2310,239139,5.6,35149.19,15095634.4,6.5,6.4,1928
Spain,Madrid,2024,12,51917,Educational,4.0,2665.13,66.6,210,4-star,216.15,138365.55,5009,11.4,2173,969723,2.8,30598.56,7016439.49,2.2,5.0,2924
Egypt,Cairo,2021,11,143070,Religious,8.1,2353.28,57.4,354,2-star,432.83,336683.77,17219,19.3,4929,379588,7.6,95815.19,24678605.91,1.6,8.7,6051
Canada,Toronto,2024,7,137388,Business,3.8,4078.7,50.1,335,1-star,421.31,560364.44,20524,16.5,577,549097,9.2,72314.55,46069311.03,7.1,7.3,7043
India,Mumbai,2021,10,193026,Family Visit,10.1,2929.01,61.9,202,4-star,209.91,565375.08,16246,8.3,2497,964228,9.2,116500.91,28328344.48,9.5,8.1,8235
Turkey,Istanbul,2020,12,130910,Family Visit,13.4,2729.41,77.1,460,5-star,404.87,357307.06,15789,15.3,3568,900916,8.0,30650.51,23801773.08,7.4,7.5,1965
Mexico,Cancun,2020,2,96197,Family Visit,12.7,997.84,82.3,265,2-star,321.78,95989.21,40996,11.3,3728,64382,4.7,23322.55,10089259.58,6.4,7.8,893
Egypt,Luxor,2021,8,174714,Educational,9.8,4220.59,88.0,409,3-star,312.53,737396.16,17999,9.0,845,126077,6.5,204968.92,27193618.7,1.9,6.3,9931
Italy,Venice,2022,10,77306,Business,14.1,3043.1,74.8,425,4-star,60.36,235249.89,5126,3.9,1103,770670,6.5,36706.67,30503223.23,9.4,9.6,1892
Italy,Rome,2020,11,126589,Family Visit,5.1,1244.84,49.3,362,5-star,199.47,157583.05,42430,5.3,3208,717054,1.5,21084.5,53311866.08,1.0,6.7,8866
United States,New York,2020,10,113731,Religious,9.0,4639.35,57.3,259,1-star,266.38,527637.91,41368,12.2,1454,251579,9.2,59125.32,37650963.91,2.5,5.2,6420
United States,Las Vegas,2022,6,144270,Business,5.6,1490.44,50.6,98,3-star,130.12,215025.78,24816,3.8,4201,205989,1.8,64339.7,43407669.66,6.4,5.3,2582
Spain,Seville,2022,11,74442,Leisure,12.4,2072.24,63.4,354,3-star,66.45,154261.69,29861,16.9,2565,476752,8.0,25194.36,23058864.17,5.0,7.0,5897
United States,Los Angeles,2023,2,169614,Medical,3.3,2004.63,43.8,180,2-star,217.99,340013.31,39249,18.1,3951,963376,1.2,30274.16,65536965.45,6.9,5.1,6054
India,Mumbai,2023,8,80678,Leisure,10.7,588.7,45.2,288,Unrated,306.25,47495.14,44986,13.4,3554,522327,1.9,5262.13,31376220.61,8.7,9.2,4647
Thailand,Bangkok,2022,9,104771,Business,10.7,1422.43,54.7,481,3-star,89.12,149029.41,9425,2.6,2698,758754,2.1,40105.46,37421081.69,7.3,9.6,6952
China,Shanghai,2022,6,137955,Religious,6.4,4212.98,58.2,168,5-star,170.63,581201.66,19596,7.6,1779,244269,4.3,154173.62,25908529.8,9.8,8.9,2779
Germany,Berlin,2024,6,117642,Business,13.6,4099.35,61.3,164,1-star,280.61,482255.73,17808,11.3,736,936040,3.3,40914.1,51053345.17,9.9,7.6,9096
Singapore,Sentosa Island,2024,8,131994,Educational,12.7,2883.48,80.8,90,4-star,173.32,380602.06,44952,8.7,2122,623044,1.1,32054.84,60718224.24,8.9,8.0,6236
India,Jaipur,2022,3,97924,Medical,4.3,4614.85,60.9,239,Unrated,283.51,451904.57,25609,4.2,1886,242192,1.7,90737.03,19402626.49,4.5,6.4,7779
Germany,Berlin,2024,8,61046,Educational,9.9,4771.88,59.8,201,3-star,471.57,291304.19,28863,5.1,1250,294883,2.5,75850.49,26772525.43,9.6,5.8,253
Mexico,Puerto Vallarta,2024,1,182596,Leisure,6.5,2081.93,60.6,110,Unrated,359.78,380152.09,18350,2.4,4069,477236,1.0,110975.84,18643330.5,1.9,6.6,4190
United Kingdom,Edinburgh,2020,2,56960,Educational,3.8,4776.07,62.3,352,4-star,89.02,272044.95,49623,17.6,4562,757220,7.8,62849.41,20214684.31,9.8,9.5,5487
Thailand,Phuket,2020,8,127454,Leisure,11.0,732.18,73.5,337,4-star,367.51,93319.27,9806,20.0,3657,930889,3.8,7477.73,50014156.41,2.7,5.6,9118
South Africa,Johannesburg,2023,4,187809,Medical,11.7,746.97,62.8,492,2-star,423.01,140287.69,26776,13.4,3723,171826,6.0,23886.15,85265162.54,5.8,7.2,7226
United Arab Emirates,Dubai,2021,12,144071,Religious,9.0,4058.25,55.9,259,3-star,284.08,584676.14,18737,17.7,4021,173618,8.8,32342.74,64814757.87,5.8,9.7,3910
Brazil,Sao Paulo,2020,3,146122,Family Visit,15.0,2078.2,78.4,367,Unrated,265.94,303670.74,17984,12.0,2271,895038,4.6,22145.14,34272649.97,5.7,8.7,3860
Spain,Madrid,2020,8,52050,Educational,8.1,1836.51,82.6,195,Unrated,155.12,95590.35,45600,6.3,3132,447710,4.5,21021.45,9749045.95,9.5,8.9,9230
Germany,Munich,2023,10,181878,Educational,13.4,4751.29,63.4,382,1-star,495.13,864155.12,29262,19.8,1384,376898,5.6,93041.38,31030426.16,3.0,5.9,6502
China,Beijing,2020,12,195271,Cultural,6.6,760.29,88.5,226,1-star,283.22,148462.59,23297,11.0,2414,57657,5.6,25653.83,97349293.31,9.1,7.3,4976
Mexico,Cancun,2022,2,57287,Cultural,11.7,656.89,84.7,406,4-star,91.17,37631.26,23024,8.4,3182,567083,5.3,2299.05,25256544.38,1.3,6.6,9852
Thailand,Chiang Mai,2021,2,114772,Religious,11.6,1766.26,52.6,87,4-star,166.89,202717.19,8972,1.9,1413,942964,3.0,44762.93,14972276.4,8.7,7.5,417
Thailand,Phuket,2021,10,52396,Business,13.8,3070.94,73.1,89,2-star,304.58,160904.97,39080,17.7,2883,69623,3.2,14374.47,8601329.57,4.0,6.2,4386
Germany,Frankfurt,2020,10,119274,Cultural,11.8,1213.72,84.0,363,4-star,259.46,144765.24,17713,3.4,4008,479725,9.2,7278.8,38462608.11,7.8,6.3,5443
Singapore,Sentosa Island,2022,4,125418,Educational,14.8,3343.16,53.0,237,3-star,54.08,419292.44,6007,3.0,4026,79257,4.9,109028.77,32214928.25,2.6,8.8,377
Mexico,Puerto Vallarta,2023,10,194579,Religious,4.3,3968.84,87.4,241,4-star,368.68,772252.92,13073,10.0,521,333097,1.7,203182.57,96522732.09,7.1,7.2,9054
Thailand,Phuket,2023,6,137266,Medical,9.7,2226.26,43.3,82,2-star,195.62,305589.81,32570,5.8,4109,61745,3.5,91457.26,37126681.05,5.1,5.8,9178
China,Beijing,2020,9,125932,Family Visit,5.9,4279.76,78.6,133,5-star,344.53,538958.74,27042,17.5,3953,818747,1.3,125479.04,58408496.29,8.7,9.8,1782
Germany,Berlin,2021,3,178386,Leisure,6.1,1943.34,76.2,211,3-star,145.9,346664.65,31431,17.5,1291,557403,6.1,58199.14,56600650.92,2.4,6.0,3776
Canada,Montreal,2020,11,189783,Family Visit,12.0,4301.52,78.1,436,4-star,408.56,816355.37,43827,1.6,4399,888530,2.7,135126.67,19071812.55,6.4,8.0,1975
Spain,Barcelona,2022,8,84531,Family Visit,9.3,1514.93,48.0,263,5-star,311.89,128058.55,40201,16.2,894,997263,5.1,6774.95,10902703.15,4.5,7.4,8457
Italy,Venice,2022,10,56154,Business,11.0,4370.55,79.0,441,2-star,375.93,245423.86,8762,3.0,2948,89499,9.9,21014.14,16821226.15,6.6,8.5,9005
Canada,Toronto,2024,3,72431,Cultural,14.2,825.87,66.7,282,Unrated,207.78,59818.59,28116,2.5,1417,364470,2.2,11478.3,27218554.87,8.2,6.0,9178
Japan,Osaka,2020,1,112768,Medical,14.4,1058.99,84.8,58,1-star,471.3,119420.18,31015,6.7,1215,563287,9.5,24639.51,46614805.58,6.5,7.4,558
China,Beijing,2021,5,148511,Business,9.1,4177.84,62.6,52,4-star,68.34,620455.2,34545,9.3,2634,684379,2.4,166248.42,27873375.39,9.8,6.7,2027
Greece,Santorini,2023,1,78380,Medical,12.3,3464.18,64.9,131,2-star,59.39,271522.43,21082,5.3,811,839352,5.4,19110.19,20481050.19,3.0,7.1,452
India,Mumbai,2022,2,162340,Business,11.5,3842.18,61.3,53,5-star,380.91,623739.5,41221,19.8,2212,392962,6.2,99582.42,63329331.44,5.4,9.4,9733
Australia,Brisbane,2023,4,174677,Business,10.5,4964.6,54.2,174,4-star,144.8,867201.43,38297,13.0,3458,893488,2.2,198551.18,80982529.44,2.6,6.2,6577
Australia,Melbourne,2023,9,83142,Business,7.4,811.1,61.9,365,Unrated,232.26,67436.48,37781,10.8,3655,811985,1.9,14366.05,18695245.49,4.6,9.3,4456
Turkey,Antalya,2022,1,194832,Business,12.1,1088.93,88.5,352,5-star,155.6,212158.41,49738,9.4,3139,252332,4.0,54571.56,53063471.2,3.2,8.1,6756
South Africa,Johannesburg,2021,6,158856,Leisure,4.2,1254.29,41.8,470,1-star,210.53,199251.49,20563,10.0,4068,321991,8.3,39120.76,71057641.01,2.9,5.6,4053
Mexico,Cancun,2022,8,131537,Educational,3.6,1540.09,42.6,50,3-star,104.95,202578.82,25677,4.4,1508,900610,1.4,17641.74,65065046.59,9.7,5.0,7573
United Kingdom,London,2022,2,111212,Religious,13.3,2546.33,65.8,227,5-star,204.19,283182.45,18605,3.7,4903,440479,9.5,66045.15,18344726.11,2.7,8.7,6912
Thailand,Bangkok,2022,6,155823,Medical,5.0,4835.06,52.8,242,5-star,427.15,753413.55,20577,8.1,3985,498625,3.2,194169.21,69472677.06,7.9,5.6,4540
Japan,Tokyo,2022,12,104061,Family Visit,13.9,3202.74,87.0,191,5-star,227.24,333280.33,18380,12.0,3791,512785,10.0,20681.05,51080389.11,4.7,9.4,3928
Italy,Rome,2020,11,164044,Cultural,11.9,4665.54,61.9,131,4-star,445.05,765353.84,30426,17.5,4212,444583,3.7,162460.64,37951988.06,6.7,8.0,2290
Egypt,Luxor,2022,12,190180,Religious,6.9,2968.25,69.8,273,2-star,217.96,564501.79,27443,1.3,3838,810674,2.5,118908.91,76782841.71,5.5,7.7,6571
Canada,Montreal,2020,12,81348,Educational,12.6,990.13,47.4,353,4-star,311.08,80545.1,16563,10.1,542,470182,8.3,18487.58,39226776.65,1.2,6.0,9306
India,Jaipur,2020,2,109182,Leisure,2.9,4795.97,72.7,100,5-star,77.12,523633.6,18076,10.1,1463,843583,5.7,113902.88,51516691.56,5.8,7.9,205
Thailand,Phuket,2020,8,158177,Business,7.2,4895.26,81.2,399,3-star,131.52,774317.54,49139,4.4,4154,532238,2.0,148535.83,32050632.58,9.7,7.4,1898
United States,New York,2020,8,109189,Educational,9.2,695.36,71.7,428,3-star,51.16,75925.66,28669,10.8,1743,275160,8.1,16069.78,18552234.98,4.2,9.5,6395
Egypt,Cairo,2023,7,169503,Religious,9.2,1650.4,55.1,201,4-star,420.18,279747.75,12227,13.8,645,284386,6.6,45582.64,56723057.73,2.5,8.7,1349
United Kingdom,London,2022,3,67014,Family Visit,9.0,1303.01,55.6,468,2-star,323.19,87319.91,28711,13.1,1468,208285,6.7,5642.06,10501747.68,3.5,8.0,9869
Turkey,Istanbul,2021,3,81910,Leisure,11.4,571.19,57.1,351,5-star,96.85,46786.17,22625,7.4,1690,744892,1.7,3341.21,37488269.82,2.7,6.6,5289
Greece,Santorini,2022,11,118008,Family Visit,10.0,2490.84,81.6,493,5-star,410.16,293939.05,41378,13.2,3323,892981,6.3,64676.29,22696676.38,5.1,6.0,5349
Mexico,Mexico City,2021,5,175541,Cultural,9.3,3787.93,63.3,313,3-star,311.21,664937.02,35137,19.2,2368,885036,7.2,66648.91,55177991.02,1.9,7.3,3183
Japan,Osaka,2023,4,96479,Family Visit,10.6,4079.52,86.4,286,3-star,103.92,393588.01,34301,19.9,4443,243783,5.9,102532.95,29752501.88,6.6,5.4,4995
Italy,Rome,2024,11,169968,Medical,9.9,2780.77,48.0,191,4-star,102.94,472641.92,10782,6.0,2101,265400,1.8,134343.48,54648263.7,3.7,7.0,7674
Australia,Melbourne,2021,11,68073,Religious,9.8,2820.56,86.0,476,4-star,308.56,192003.98,10435,17.2,4607,802878,4.6,35507.9,23905877.58,7.1,7.7,7729
Canada,Montreal,2022,1,123861,Leisure,3.8,1453.92,80.9,448,1-star,231.34,180083.99,11721,3.9,3478,704801,9.6,34803.1,58597684.9,6.2,7.4,4359
China,Guangzhou,2023,2,55901,Leisure,3.8,4542.18,81.5,485,2-star,276.15,253912.4,28429,3.8,3029,295127,5.3,44822.37,10790041.39,1.7,8.9,8834
China,Guangzhou,2024,6,78179,Business,7.7,975.49,72.0,398,Unrated,57.96,76262.83,42947,7.9,2453,409177,2.9,13052.41,31404615.14,6.6,6.5,5178
Thailand,Chiang Mai,2022,2,94936,Religious,3.8,1046.23,55.2,420,4-star,129.99,99324.89,28291,12.7,2138,629111,8.3,20242.9,21123397.5,6.6,7.6,3402
United Kingdom,Edinburgh,2020,10,107009,Business,3.7,4489.72,62.5,56,2-star,286.48,480440.45,32605,16.7,2264,547660,7.9,25346.99,28513789.28,5.3,5.1,7858
United States,Los Angeles,2022,12,74022,Medical,3.8,2908.9,50.8,262,1-star,425.44,215322.6,21052,16.2,4768,706031,5.4,16673.3,23626622.92,5.1,9.2,8061
United Kingdom,Edinburgh,2022,10,60749,Business,4.0,1961.04,76.9,281,3-star,414.81,119131.22,33380,8.5,3993,306553,8.1,32525.35,29289150.75,8.1,6.6,6372
India,Delhi,2023,12,53631,Medical,5.3,4283.92,41.9,493,Unrated,401.53,229750.91,46674,10.4,1275,471818,5.1,24523.88,24442669.69,5.1,9.4,7183
France,Paris,2022,1,113936,Educational,7.8,715.24,41.9,136,1-star,372.35,81491.58,12788,16.2,3211,782176,9.6,19099.76,27492820.99,3.7,6.7,5430
France,Marseille,2023,8,175426,Family Visit,4.4,1283.49,44.9,399,3-star,423.74,225157.52,15759,6.0,2073,471486,1.7,65738.12,38274078.21,7.9,8.1,3109
India,Delhi,2021,6,147661,Family Visit,5.4,811.64,88.0,168,3-star,68.88,119847.57,39964,3.4,1269,371909,5.4,33566.22,45524957.84,6.5,5.8,621
Italy,Florence,2022,8,95838,Business,3.4,3193.39,44.8,364,Unrated,297.54,306048.11,44896,4.1,4583,969965,9.4,67023.18,28599893.11,1.1,10.0,9859
Spain,Barcelona,2021,6,170029,Medical,13.2,4309.31,85.9,67,1-star,336.23,732707.67,44933,9.8,801,991415,6.0,69716.15,20665882.83,3.9,8.8,9660
China,Beijing,2023,12,93541,Medical,9.0,3775.76,45.4,262,2-star,376.69,353188.37,29858,19.3,1986,227558,8.6,82363.66,29642664.18,6.3,7.5,8994
South Africa,Johannesburg,2023,12,199109,Educational,9.3,3599.98,83.7,416,3-star,444.71,716788.42,41068,4.0,861,827401,1.1,80043.56,77768926.25,9.9,5.5,5443
South Africa,Johannesburg,2022,3,145081,Medical,10.5,1899.18,77.1,351,3-star,327.19,275534.93,30498,14.1,2659,481116,5.8,49882.79,63722348.63,8.6,9.2,1137
Italy,Florence,2021,1,195016,Family Visit,14.5,2155.73,56.3,292,4-star,428.89,420401.84,17087,10.5,1197,674771,4.5,88638.07,80377777.1,3.0,5.7,8009
Mexico,Cancun,2024,10,153892,Educational,2.0,1302.68,41.5,479,3-star,209.97,200472.03,38848,8.4,2820,339910,8.9,35589.28,59919682.48,1.9,6.1,6743
South Africa,Cape Town,2022,2,86727,Family Visit,9.8,3544.11,80.2,208,3-star,60.32,307370.03,48922,10.5,1163,92092,7.7,90825.48,15952286.68,8.4,7.6,5569
Turkey,Antalya,2022,12,78854,Religious,11.6,1561.36,58.6,162,1-star,319.2,123119.48,32386,15.6,1519,595909,6.8,19121.93,27951451.97,8.1,5.6,1833
Turkey,Istanbul,2024,5,134045,Business,11.7,3829.94,87.5,374,3-star,133.01,513384.31,35268,19.6,4196,551597,8.5,60716.78,41182847.29,3.7,9.7,1549
Turkey,Istanbul,2022,2,75122,Cultural,7.6,4427.29,82.1,470,2-star,266.41,332586.88,30279,10.2,2125,200787,1.4,91786.77,34838284.0,8.0,5.0,785
India,Delhi,2022,12,57531,Medical,3.8,3881.19,72.8,85,1-star,56.03,223288.74,6431,2.1,2961,714917,3.4,24951.33,26608192.91,3.2,6.4,2114
Brazil,Rio de Janeiro,2021,1,190905,Medical,13.0,1706.63,47.8,277,5-star,65.13,325804.2,7643,12.8,1374,416008,4.1,41962.73,78031099.69,1.8,6.2,771
Italy,Florence,2020,2,188999,Business,9.1,1075.95,84.1,454,5-star,73.52,203353.47,7539,16.0,4760,461961,9.8,17537.46,73721382.94,2.7,6.7,8662
United States,San Francisco,2023,6,137896,Medical,14.3,4853.1,49.2,210,1-star,118.06,669223.08,29259,8.9,1097,855878,5.9,197507.28,26333143.94,4.6,7.7,6666
Singapore,Sentosa Island,2021,2,94629,Family Visit,9.1,3258.05,51.3,147,1-star,268.11,308306.01,18140,3.7,3637,695961,5.2,47152.75,34103287.29,5.9,5.3,8203
Turkey,Istanbul,2021,1,80651,Medical,6.6,4901.28,79.7,98,Unrated,140.61,395293.13,23708,4.1,1591,735933,7.8,21538.11,12138097.53,6.9,5.8,881
South Africa,Cape Town,2020,9,164586,Cultural,14.3,3020.82,77.5,418,1-star,62.23,497184.68,21280,2.8,4470,224023,3.5,73425.27,69017110.63,4.3,7.3,2526
Spain,Madrid,2023,12,153850,Family Visit,12.1,4840.14,50.2,123,3-star,92.32,744655.54,38243,15.4,984,311716,3.8,156875.59,27437043.61,9.1,7.6,7071
Thailand,Phuket,2022,3,135445,Cultural,12.3,1925.43,82.9,308,Unrated,453.73,260789.87,6898,19.7,3476,961579,2.8,25050.49,61979074.51,6.9,5.8,2407
Greece,Santorini,2022,4,89901,Family Visit,10.0,875.59,84.1,61,3-star,382.88,78716.42,49918,19.4,1074,81852,9.9,17079.89,31813132.85,2.5,9.4,9886
Brazil,Sao Paulo,2023,6,58438,Leisure,3.7,3590.87,44.7,245,5-star,373.71,209843.26,29217,2.5,726,720396,4.0,26046.26,27307095.63,2.0,8.8,7644
Singapore,Sentosa Island,2023,5,199960,Religious,6.7,2723.96,81.4,335,5-star,128.19,544683.04,41116,3.1,1741,271373,7.5,84442.04,92410304.18,7.7,6.0,1198
Brazil,Rio de Janeiro,2024,11,155400,Medical,7.7,3097.62,76.9,157,5-star,262.08,481370.15,45718,5.8,4884,239139,7.7,36866.18,35115401.63,1.0,8.4,6444
Italy,Florence,2022,9,88547,Educational,5.0,4266.69,54.0,240,3-star,203.17,377802.6,38209,10.7,1836,493316,6.9,107513.63,39711717.32,7.9,8.9,7474
Egypt,Luxor,2022,2,191521,Leisure,10.5,4434.02,40.0,492,2-star,99.95,849207.94,20223,8.2,641,314803,4.4,69815.23,50773069.7,8.2,7.4,8572
China,Beijing,2024,9,111709,Religious,13.9,1760.17,82.9,132,1-star,487.75,196626.83,24330,15.3,2831,841507,9.8,40374.59,36157290.23,6.7,7.7,3090
China,Beijing,2024,8,106307,Religious,3.5,3666.59,67.0,473,4-star,168.49,389784.18,11816,9.9,2262,192312,3.7,91910.45,12677868.19,9.1,9.3,7904
United Kingdom,London,2024,3,139709,Cultural,6.4,4950.63,71.3,65,5-star,157.78,691647.57,36600,6.4,2815,235378,3.4,171037.67,46011725.49,6.9,6.3,7951
Egypt,Luxor,2024,7,66288,Leisure,11.6,2863.58,41.6,84,Unrated,423.18,189820.99,49096,1.5,842,82174,1.7,52707.43,18943340.15,2.2,6.7,6848
China,Beijing,2024,5,195639,Leisure,14.3,2503.61,79.4,228,4-star,156.85,489803.76,22862,3.5,1271,605083,5.4,104355.66,93948277.84,6.4,8.7,9402
Spain,Seville,2023,1,90197,Business,13.6,513.14,42.0,311,Unrated,70.54,46283.69,45583,5.5,4957,467216,5.1,7786.9,31479463.6,5.2,7.2,5908
Italy,Rome,2023,4,187868,Leisure,9.0,4343.61,42.5,185,1-star,66.52,816025.32,42755,6.4,840,315972,6.1,145388.73,40841663.3,9.4,7.0,5012
Thailand,Chiang Mai,2020,11,54648,Cultural,12.6,2892.2,84.0,232,3-star,443.4,158052.95,9492,13.8,2017,655842,5.1,44627.31,9076025.95,4.5,8.6,6232
Japan,Osaka,2023,5,184393,Cultural,11.4,4382.96,40.1,207,3-star,165.92,808187.14,5726,1.8,2375,335521,3.3,174829.49,77471234.88,7.0,5.5,1874
Egypt,Luxor,2022,5,60651,Business,9.1,4551.45,60.2,292,5-star,209.65,276049.99,10889,13.7,4700,951321,4.3,54772.51,6310886.58,6.7,9.6,7644
Egypt,Luxor,2021,9,156022,Family Visit,13.4,3757.88,46.0,51,1-star,288.5,586311.95,38154,11.1,4508,734029,5.8,95107.58,20869027.2,4.6,9.6,4769
Thailand,Bangkok,2021,1,169006,Business,8.1,4175.25,43.4,326,5-star,361.62,705642.3,40426,2.5,2620,742148,8.8,139414.73,32197610.79,4.5,7.3,3343
Brazil,Rio de Janeiro,2023,4,89758,Religious,11.9,944.93,84.5,209,2-star,217.03,84815.03,6141,14.4,4500,813799,4.4,7778.81,24433180.94,2.3,9.5,2706
Greece,Athens,2024,7,167961,Religious,10.4,3366.06,57.0,175,Unrated,318.19,565366.8,16120,13.9,1429,782847,3.0,167919.02,47297926.52,7.2,5.7,7080
United Kingdom,Manchester,2024,2,188141,Medical,2.4,2774.55,88.2,309,5-star,94.69,522006.61,12597,1.6,1757,782722,1.2,124787.46,53320890.97,3.6,9.5,2272
United Arab Emirates,Dubai,2023,4,58036,Medical,8.2,2498.57,89.7,250,5-star,492.81,145007.01,25538,19.3,2436,109500,9.7,35292.49,28556242.19,5.3,7.7,8656
Canada,Montreal,2023,10,136836,Educational,12.8,2481.99,55.1,465,4-star,369.06,339625.58,9857,2.1,3489,656590,3.4,99036.3,44209457.98,4.1,7.9,9595
Canada,Vancouver,2021,2,131532,Leisure,7.8,3318.05,64.4,484,5-star,402.07,436429.75,24554,17.7,2651,649253,6.1,89540.16,23744793.67,4.6,5.2,8948
France,Lyon,2024,6,85428,Business,9.1,1524.87,88.2,166,Unrated,319.6,130266.59,31421,11.1,3711,650309,2.2,32257.58,12808077.0,8.1,6.4,657
India,Mumbai,2022,2,98651,Cultural,14.6,4771.0,65.6,157,3-star,267.53,470663.92,34535,10.3,2110,471280,6.1,75450.22,33768446.56,9.3,6.8,3636
Thailand,Phuket,2022,10,163613,Religious,7.9,2495.55,70.1,288,4-star,308.09,408304.42,38132,10.1,3058,622744,1.5,20738.58,58259206.54,3.7,6.2,7842
Egypt,Cairo,2020,10,71826,Religious,7.8,2796.95,71.3,336,4-star,380.31,200893.73,38905,10.1,3920,186917,7.5,44826.04,11044975.04,3.7,6.8,6437
Spain,Barcelona,2020,11,193016,Cultural,5.6,1448.17,87.9,352,Unrated,495.75,279519.98,15503,19.9,4059,848022,1.0,17062.03,45689389.05,6.7,5.3,4336
China,Beijing,2023,6,92727,Business,14.2,4198.67,80.5,306,1-star,430.66,389330.07,15433,3.0,4106,389208,7.5,46752.16,34769151.97,1.2,6.5,3755
Thailand,Phuket,2022,1,91869,Family Visit,12.5,4764.6,43.6,110,1-star,95.42,437719.04,13549,6.7,2922,193521,8.2,99262.26,11032585.38,1.7,7.0,2655
Italy,Rome,2024,1,118487,Educational,5.8,1185.48,53.3,167,1-star,194.67,140463.97,33454,5.3,936,172258,4.2,29771.95,17674500.97,9.0,7.5,5665
Egypt,Luxor,2022,9,171929,Religious,9.6,3311.53,43.6,209,Unrated,286.83,569348.04,36921,14.6,1511,975748,8.2,107108.74,52965815.77,2.3,8.9,5685
Japan,Tokyo,2024,12,124763,Educational,8.5,1779.23,46.7,403,3-star,374.77,221982.07,12016,15.2,1764,663369,8.0,50780.55,42094325.7,9.1,7.9,6156
Australia,Sydney,2022,1,130811,Medical,11.6,1923.22,45.1,114,4-star,108.47,251578.33,10793,7.0,1318,141218,9.2,36310.18,63525924.7,1.8,8.4,6461
United Kingdom,London,2023,7,112368,Educational,14.1,4299.12,73.8,224,1-star,125.13,483083.52,17180,17.6,1428,561511,7.8,138979.83,42814028.43,3.7,5.5,7222
Italy,Florence,2022,4,55842,Religious,10.4,716.84,58.0,353,1-star,223.3,40029.78,30599,9.2,3874,641343,2.9,5691.31,13844644.74,1.5,8.8,2357
Italy,Venice,2022,10,77364,Family Visit,12.7,4326.57,50.6,378,2-star,441.39,334720.76,39773,5.1,3168,551590,6.5,41446.92,11963596.92,6.9,8.7,6569
Canada,Vancouver,2023,9,108283,Cultural,7.1,3709.43,50.0,405,5-star,88.4,401668.21,38002,8.0,2596,840645,8.0,74690.78,15153851.6,7.2,6.2,3273
United States,Los Angeles,2021,2,68199,Leisure,12.9,3692.22,87.4,212,5-star,271.79,251805.71,39926,7.3,4351,741381,3.4,58221.04,30761759.64,1.4,7.0,4023
China,Guangzhou,2023,4,152518,Family Visit,12.1,3978.15,66.1,235,4-star,435.71,606739.48,37245,1.3,2722,164397,4.3,57904.06,41820900.81,4.0,6.7,6298
South Africa,Johannesburg,2023,2,119561,Religious,4.9,3388.37,68.5,257,3-star,184.91,405116.91,25963,11.4,4902,726296,5.9,104293.61,40944695.78,3.6,6.0,8935
Egypt,Luxor,2020,9,140306,Educational,11.2,4718.2,70.2,254,4-star,386.35,661991.77,44382,13.8,1015,162217,9.9,72679.87,43816854.15,6.9,8.2,6783
Spain,Madrid,2024,8,99429,Leisure,6.8,1514.22,49.8,411,Unrated,453.23,150557.38,36226,12.0,960,430596,5.7,41644.96,16460710.53,6.8,9.0,6807
Brazil,Sao Paulo,2023,11,73989,Business,8.1,4505.64,75.4,291,5-star,360.54,333367.8,21241,1.1,2795,543216,9.6,60811.26,14557877.18,5.5,8.4,7657
Egypt,Cairo,2022,5,94605,Business,12.5,2568.49,67.3,446,3-star,256.37,242992.0,35722,4.1,1616,617815,2.9,15185.73,41385890.59,9.8,9.0,9838
United Arab Emirates,Dubai,2021,3,104110,Religious,5.1,4822.82,49.8,404,5-star,274.21,502103.79,35527,19.1,2993,925512,3.0,82717.02,48697969.08,2.6,6.1,9575
United States,San Francisco,2020,12,75372,Educational,13.8,4746.66,88.0,294,Unrated,478.8,357765.26,10366,8.5,2909,451415,8.0,45615.07,14532922.39,5.1,8.9,3767
Canada,Montreal,2021,5,143783,Religious,11.9,4348.43,70.2,470,4-star,54.07,625230.31,23020,8.2,4509,331854,6.7,65973.66,32878570.45,8.6,8.6,5822
Canada,Toronto,2021,2,131050,Family Visit,2.4,2664.01,73.1,59,1-star,455.62,349118.51,45695,19.8,2676,157096,7.8,49899.86,33677658.12,7.8,9.6,3796
China,Shanghai,2024,6,176310,Business,9.5,2107.05,79.4,165,2-star,223.85,371493.99,22076,7.8,3508,756673,9.1,100057.78,86347627.76,1.2,9.2,9356
Mexico,Mexico City,2022,10,84681,Cultural,14.4,1166.8,74.0,474,Unrated,477.71,98805.79,17996,14.7,3371,96002,4.8,13001.32,36909387.72,2.3,7.2,6397
United States,Miami,2023,4,57812,Medical,7.5,4011.64,63.8,448,1-star,295.03,231920.93,40948,12.2,1891,143330,6.3,13498.36,20489554.88,4.3,6.5,2568
Greece,Athens,2021,9,141502,Medical,12.5,4261.22,56.6,73,5-star,208.67,602971.15,24459,3.9,2980,187686,1.4,73868.37,66846109.16,4.5,7.7,4876
France,Nice,2024,3,99976,Cultural,9.7,775.99,58.1,362,2-star,487.89,77580.38,27918,4.9,3656,874834,8.9,4885.64,17640513.64,3.8,8.7,3340
Mexico,Cancun,2022,1,143526,Family Visit,9.9,4532.18,80.9,161,3-star,417.55,650485.67,21589,3.4,3950,188286,8.3,192683.35,57654294.29,4.5,8.0,8563
China,Beijing,2020,9,160138,Educational,7.4,3892.23,41.0,211,3-star,401.28,623293.93,13712,6.1,4051,848729,5.3,87527.65,76815548.44,6.7,5.6,2900
India,Jaipur,2020,1,183682,Family Visit,6.8,4698.16,81.4,153,Unrated,131.09,862967.43,6914,16.3,1506,115942,2.1,226630.7,43687226.98,1.3,5.3,2220
France,Nice,2022,5,71644,Leisure,4.8,3493.16,47.9,386,5-star,365.53,250263.96,30675,13.8,2656,347142,5.9,32032.79,20991704.04,5.6,6.9,7719
Singapore,Sentosa Island,2020,6,121569,Cultural,2.2,4019.77,46.2,127,Unrated,366.66,488679.42,9769,9.3,3886,528108,8.4,91191.28,59181504.55,1.5,7.5,6526
Greece,Athens,2023,6,159903,Educational,13.2,1306.65,80.0,196,1-star,228.45,208937.25,9986,17.7,4231,696238,3.8,25597.19,71726987.32,7.1,9.0,3377
United Arab Emirates,Abu Dhabi,2020,3,177426,Educational,13.1,4918.58,71.4,377,Unrated,73.33,872683.98,5112,1.4,2878,142036,4.2,179182.19,41450259.68,7.6,7.0,6361
Australia,Brisbane,2024,6,50887,Religious,12.2,1785.91,61.6,68,3-star,354.89,90879.6,31049,4.9,951,547952,6.8,19799.92,17958676.78,2.8,7.1,6041
Mexico,Cancun,2022,10,172332,Family Visit,3.3,1750.34,53.8,251,5-star,461.63,301639.59,30991,2.3,701,760672,1.9,56390.37,84715482.04,6.0,5.9,3902
Turkey,Antalya,2020,1,176155,Cultural,3.0,3224.67,65.8,340,3-star,170.84,568041.74,10755,11.4,4617,664553,6.4,39333.97,22941272.6,9.6,6.5,2295
Australia,Melbourne,2023,9,111842,Educational,10.1,3418.27,53.4,339,Unrated,366.71,382306.15,39510,11.7,4668,423216,7.0,74889.66,34704850.84,3.2,5.0,7719
China,Beijing,2023,7,124816,Educational,3.5,2520.88,70.6,364,Unrated,381.44,314646.16,39039,12.2,1109,134381,7.1,47838.15,13250211.52,6.2,6.3,7431
China,Shanghai,2021,5,115618,Educational,14.4,2295.66,82.0,155,4-star,382.73,265419.62,35981,19.6,3204,132289,7.7,34972.0,52724445.27,1.8,9.0,3776
United Arab Emirates,Dubai,2022,10,183498,Educational,11.4,540.74,69.5,322,2-star,296.09,99224.71,30640,5.6,2759,768316,1.8,9904.37,82755399.45,7.6,5.1,5794
China,Shanghai,2024,8,110128,Family Visit,4.8,1718.63,52.4,345,Unrated,209.69,189269.28,32586,5.1,1684,136346,6.4,27074.99,25683385.74,9.0,6.9,5383
Germany,Frankfurt,2020,10,188682,Cultural,5.7,4040.46,59.9,407,5-star,384.3,762362.07,15103,19.8,1190,132409,4.8,77421.19,79225214.33,4.0,9.3,3012
Greece,Santorini,2022,7,141829,Educational,13.2,657.54,79.4,307,Unrated,333.61,93258.24,9458,13.1,1241,527177,5.5,17136.8,22374241.39,8.1,7.1,162
Germany,Munich,2024,10,156133,Medical,12.2,3194.8,50.1,263,2-star,276.18,498813.71,41412,9.9,2635,516755,2.9,59987.1,60139933.96,1.1,7.0,1737
Egypt,Cairo,2021,1,81781,Medical,3.5,2823.91,79.3,397,4-star,348.9,230942.18,36174,14.7,1302,825107,3.6,29433.98,16354791.61,5.6,7.7,8568
Greece,Santorini,2020,6,176270,Cultural,3.0,4426.86,81.4,351,2-star,461.2,780322.61,49895,15.9,1700,131257,3.4,84232.62,40091480.75,9.1,5.4,2694
United Kingdom,Manchester,2022,4,106358,Family Visit,4.5,4364.68,73.8,125,2-star,436.44,464218.64,21322,8.9,3442,888357,3.7,76501.98,28125037.62,7.5,6.9,1747
Australia,Melbourne,2020,12,55520,Educational,11.6,4383.38,66.6,157,4-star,281.72,243365.26,9757,11.3,1220,644557,2.5,66369.09,10916050.18,4.2,5.5,7278
Brazil,Sao Paulo,2020,5,119166,Religious,7.1,1553.92,51.0,461,2-star,307.36,185174.43,48370,11.6,3860,610608,5.9,41498.97,45385376.68,2.5,7.5,5718
Brazil,Sao Paulo,2024,12,182992,Educational,10.2,2896.27,45.8,482,Unrated,273.07,529994.24,32964,7.4,3187,956071,7.2,53827.82,46982052.17,9.1,6.0,916
United States,San Francisco,2024,8,161718,Religious,7.5,581.56,79.6,74,1-star,352.96,94048.72,37130,11.7,4200,998202,7.2,10657.42,16817299.12,7.5,7.7,4004
Japan,Osaka,2023,7,171948,Leisure,12.7,4294.97,64.3,484,5-star,178.48,738511.5,34894,9.6,4934,230882,8.7,199870.73,49267211.98,1.7,6.9,9547
France,Paris,2020,9,73185,Leisure,13.7,1415.63,43.3,71,5-star,265.67,103602.88,32374,11.3,2839,168094,1.6,21972.05,9487862.14,4.4,9.0,2482
Mexico,Cancun,2023,2,129698,Religious,2.9,3781.56,70.4,488,1-star,216.31,490460.77,27010,8.0,3390,442670,7.4,25548.55,24262210.56,7.0,7.4,770
China,Shanghai,2021,2,198961,Educational,12.0,2967.89,43.3,185,3-star,241.73,590494.36,39660,10.9,2353,151158,7.1,141497.49,21060281.21,2.9,8.6,2718
South Africa,Cape Town,2024,10,136598,Educational,10.6,2061.33,59.5,491,1-star,458.7,281573.56,15966,12.5,2312,393615,8.0,74095.02,43254926.97,7.8,6.5,3616
Turkey,Istanbul,2023,12,168028,Religious,11.3,2237.95,69.4,362,1-star,158.68,376038.26,38722,17.4,3281,581147,7.5,88909.86,54301773.1,6.3,5.7,470
United Kingdom,Manchester,2023,6,185958,Educational,10.6,4083.09,53.6,343,5-star,289.96,759283.25,17226,13.1,4751,311497,3.5,162241.57,79870254.96,1.6,8.9,1330
South Africa,Johannesburg,2024,8,93395,Religious,8.0,4924.88,79.3,406,3-star,386.53,459959.17,21544,9.2,1268,578036,3.3,26870.4,42184122.09,3.2,7.8,3291
Thailand,Chiang Mai,2024,8,166525,Family Visit,10.7,1953.62,84.9,236,2-star,281.39,325326.57,37510,18.1,4699,152476,8.4,84981.1,33238971.91,6.2,5.3,2835
United States,San Francisco,2021,7,125403,Cultural,6.2,3866.83,80.3,414,5-star,259.62,484912.08,33302,6.8,3328,899776,9.7,132345.95,55136137.93,4.7,5.1,6744
Germany,Frankfurt,2021,12,151154,Family Visit,2.2,577.17,85.8,482,3-star,393.04,87241.55,35926,10.7,3926,828754,6.6,23215.7,50602520.28,6.2,10.0,4578
China,Beijing,2023,7,189282,Leisure,7.7,3683.29,59.5,325,4-star,306.27,697180.5,16094,18.6,3087,434708,6.7,116653.15,52473464.89,5.4,9.3,2317
Spain,Madrid,2024,5,102691,Family Visit,14.2,2768.02,87.5,238,Unrated,353.65,284250.74,44605,8.1,1598,568420,6.7,18077.69,36732846.88,9.8,5.3,1017
China,Beijing,2023,5,125602,Educational,11.7,4146.16,60.7,153,2-star,367.31,520765.99,14941,12.0,4688,109821,2.5,28530.8,51702937.22,6.5,8.5,4975
Greece,Santorini,2020,4,116677,Business,10.9,4595.96,72.0,139,1-star,230.85,536242.82,24404,12.1,1444,724533,6.8,37343.66,46230448.09,1.9,8.0,7275
Canada,Montreal,2023,3,139049,Cultural,3.1,3230.81,84.0,193,5-star,360.81,449240.9,27250,5.0,1454,510014,7.2,64627.92,58404664.26,9.0,5.6,2359
United Arab Emirates,Dubai,2023,9,165945,Medical,11.0,3213.68,70.9,256,2-star,431.32,533294.13,8805,3.4,4356,85903,9.0,67468.57,53227000.56,8.1,7.1,2717
France,Lyon,2024,2,82101,Cultural,14.3,836.7,61.9,133,1-star,487.88,68693.91,31616,19.4,4831,256903,2.4,6994.29,28918630.35,3.0,5.1,749
Spain,Barcelona,2024,2,196480,Family Visit,6.6,1861.16,88.8,331,3-star,414.06,365680.72,49254,15.8,4761,724174,9.9,43092.36,27395829.4,8.5,8.5,3473
India,Jaipur,2022,4,191407,Family Visit,4.0,2653.23,79.0,177,Unrated,114.84,507846.79,28906,1.1,3716,462736,5.1,64301.46,82104508.2,1.5,7.1,876
Egypt,Cairo,2021,3,180956,Medical,6.5,2962.57,89.6,450,Unrated,437.99,536094.82,14486,1.9,2026,136694,6.1,129354.36,86165399.23,1.1,7.6,944
South Africa,Johannesburg,2020,3,64031,Business,10.5,3018.1,74.4,493,Unrated,212.63,193251.96,37994,16.2,3459,514310,7.3,29767.82,19564050.55,9.1,9.4,2132
India,Mumbai,2020,8,116788,Cultural,8.6,3813.08,65.6,319,3-star,340.14,445321.99,27523,11.5,3392,248303,3.5,36923.16,51606442.61,2.5,9.3,1766
Canada,Toronto,2024,11,56901,Cultural,12.7,1785.68,86.4,249,1-star,301.44,101606.98,30805,5.8,3453,922834,9.0,13652.94,22292987.19,6.2,6.7,407
Japan,Osaka,2021,5,178126,Family Visit,4.9,1481.93,83.7,432,3-star,168.46,263970.26,20916,17.5,775,331075,7.8,23232.59,50468339.44,4.2,5.5,3229
Greece,Athens,2024,3,153751,Business,14.0,680.27,54.6,313,2-star,466.04,104592.19,6134,18.3,2020,287723,7.8,9269.28,45342114.18,4.9,8.0,970
Australia,Brisbane,2024,5,99649,Family Visit,7.2,4223.99,48.5,143,1-star,142.0,420916.38,18878,13.3,642,931864,5.2,102446.07,14883607.13,6.6,6.4,1948
France,Marseille,2023,4,81027,Leisure,14.1,4983.79,79.8,380,5-star,252.07,403821.55,30864,7.4,2004,856124,2.0,81604.21,17211747.24,2.6,6.9,3403
United States,San Francisco,2020,6,102265,Family Visit,7.1,3878.46,46.3,322,4-star,144.85,396630.71,46692,17.3,923,864486,9.3,56111.92,23236635.81,7.7,7.2,5931
Germany,Berlin,2024,5,158464,Medical,5.0,2052.88,41.5,164,4-star,182.2,325307.58,39642,13.1,2542,631904,6.9,31905.35,34586640.51,6.6,8.0,7511
United Kingdom,Manchester,2022,4,94757,Family Visit,5.6,1767.27,88.2,357,1-star,355.15,167461.2,34648,14.4,3247,559421,8.2,20017.02,14867571.9,3.8,9.2,2061
Australia,Brisbane,2023,3,62497,Business,14.9,2934.51,89.2,257,4-star,253.77,183398.07,25389,2.2,4732,880351,7.4,21684.53,14784922.03,5.0,9.6,5798
Australia,Brisbane,2022,5,116809,Educational,2.1,770.43,85.2,453,5-star,389.24,89993.16,49041,4.4,4747,157524,2.0,25682.54,48321835.61,5.2,9.3,6405
Italy,Florence,2021,6,68782,Cultural,6.6,3908.59,54.8,225,5-star,360.98,268840.64,47229,4.6,4470,336073,6.4,71453.51,29507330.79,2.6,7.4,2441
Japan,Osaka,2022,8,154188,Medical,8.4,1849.74,69.8,351,1-star,334.51,285207.71,14175,3.2,2617,347584,1.4,29797.7,16354837.25,6.2,5.5,2873
United Kingdom,Manchester,2022,9,95927,Cultural,10.5,4542.74,60.0,394,5-star,474.2,435771.42,8783,16.7,4787,936788,1.9,30031.31,23465332.7,1.8,7.9,684
Thailand,Phuket,2023,10,80266,Business,9.7,3824.9,41.6,79,1-star,438.56,307009.42,44019,3.0,2125,847388,6.1,38096.62,38152540.11,8.4,9.9,2604
India,Mumbai,2021,9,81417,Religious,7.6,2063.83,42.5,101,4-star,62.26,168030.85,26031,19.8,2932,791184,2.2,37334.88,37378335.18,7.7,5.4,2128
Greece,Athens,2020,3,97111,Business,4.1,733.04,67.9,190,5-star,88.11,71186.25,18136,7.8,3321,111602,3.0,10339.65,41113135.88,8.4,6.9,2562
Turkey,Antalya,2024,9,59460,Family Visit,4.7,575.4,74.0,107,4-star,357.74,34213.28,12384,12.4,3576,198441,4.7,3089.62,21558046.01,9.7,7.8,4721
Singapore,Singapore City,2023,4,108829,Family Visit,2.9,2379.5,45.8,68,4-star,398.11,258958.61,20086,13.6,2966,797410,3.1,57058.49,51810578.61,1.4,6.6,6624
Thailand,Bangkok,2022,9,176278,Cultural,5.3,976.43,57.7,190,1-star,289.25,172123.13,14343,13.5,4407,804471,2.4,44205.62,20583292.23,4.8,5.8,2384
Canada,Vancouver,2021,1,186385,Family Visit,9.2,1541.21,65.1,220,Unrated,168.05,287258.43,8558,5.2,4347,761238,9.4,80175.3,66011181.96,6.7,7.0,9773
United Kingdom,Manchester,2024,8,77877,Medical,8.9,3548.47,61.4,109,2-star,249.76,276344.2,45317,3.8,952,60589,5.9,72171.84,21223093.19,4.4,9.6,8579
South Africa,Cape Town,2020,5,100599,Business,9.1,1734.73,85.1,55,Unrated,196.35,174512.1,41730,11.6,3677,184794,7.4,39121.04,23111445.56,3.1,6.1,825
Germany,Frankfurt,2024,6,93461,Educational,7.7,1095.82,59.1,296,4-star,169.67,102416.43,32386,15.8,2623,402854,5.1,16155.78,20729370.64,2.8,5.3,224
India,Mumbai,2023,11,135166,Educational,7.5,2736.03,85.8,330,Unrated,122.1,369818.23,36980,11.7,3596,444825,9.1,26268.9,34770313.11,1.9,5.1,9649
South Africa,Johannesburg,2022,1,127154,Educational,9.8,1233.59,51.7,60,5-star,423.57,156855.9,45149,19.5,4292,178447,3.5,18733.26,14542866.55,9.3,6.1,9075
Canada,Montreal,2020,7,100705,Educational,13.2,3790.21,87.3,490,5-star,404.32,381693.1,30006,5.7,2845,983963,4.3,73114.75,10322563.45,1.6,7.7,4786
Germany,Frankfurt,2021,2,82766,Medical,11.8,1093.84,65.7,112,Unrated,72.76,90532.76,23443,8.8,4126,489358,3.0,9643.53,35334636.59,9.4,5.5,2943
Brazil,Rio de Janeiro,2022,10,144837,Educational,6.4,4418.1,44.2,449,Unrated,199.4,639904.35,6094,2.0,3695,280780,5.0,85491.41,37343168.17,5.8,5.8,4813
Greece,Santorini,2024,12,184164,Medical,12.5,3920.72,47.7,197,1-star,380.26,722055.48,9926,7.9,3465,381999,7.1,46334.38,20970585.56,4.5,8.5,9121
United Arab Emirates,Abu Dhabi,2021,3,133829,Leisure,5.4,4487.39,84.8,469,4-star,104.95,600542.92,36730,8.8,3906,638216,2.3,111938.52,19035384.4,1.4,8.3,3848
Singapore,Sentosa Island,2023,7,76553,Religious,2.5,4953.9,41.5,186,4-star,120.29,379235.91,15374,3.2,989,552237,4.2,91175.51,23182772.32,6.7,9.9,387
South Africa,Cape Town,2022,1,72337,Family Visit,7.6,2508.99,70.9,322,2-star,275.32,181492.81,45975,4.8,744,820974,7.2,46429.18,23326966.45,8.0,5.1,8597
United Arab Emirates,Dubai,2024,8,61984,Business,13.6,4963.83,54.7,230,2-star,394.41,307678.04,26889,12.4,1631,978274,2.1,90699.76,22905292.11,8.6,6.6,2637
Egypt,Cairo,2023,9,65216,Cultural,14.3,3946.23,40.3,231,1-star,243.08,257357.34,41635,15.6,943,869497,3.1,53101.19,26010182.51,3.0,5.3,1360
Mexico,Puerto Vallarta,2024,10,136483,Religious,11.1,1010.48,89.8,209,5-star,265.34,137913.34,10543,3.4,2381,95256,6.6,34711.32,59616629.41,5.3,8.9,1509
France,Nice,2020,9,76270,Educational,12.5,2290.48,80.3,150,2-star,309.6,174694.91,7172,1.5,3464,299737,5.9,45412.83,11516333.13,8.2,9.3,6235
United Arab Emirates,Abu Dhabi,2024,6,186645,Leisure,11.3,1820.09,66.3,385,Unrated,497.49,339710.7,7776,6.8,3488,865267,6.5,66345.11,37600423.3,7.8,5.4,5160
Brazil,Rio de Janeiro,2020,2,180499,Family Visit,6.2,1074.99,62.1,255,4-star,377.95,194034.62,12148,16.9,2864,915990,2.1,49160.34,84780688.92,5.1,7.5,8040
Brazil,Rio de Janeiro,2020,6,73382,Family Visit,11.5,4009.19,45.9,402,2-star,56.14,294202.38,18666,7.8,4678,153533,1.1,54449.46,32321857.31,9.6,7.8,425
Canada,Vancouver,2020,12,59726,Educational,9.1,2209.91,70.4,268,1-star,158.13,131989.08,47230,10.1,4578,100519,4.6,9491.66,7544869.29,9.0,7.3,4066
India,Mumbai,2023,5,139524,Religious,6.0,2312.17,73.6,375,3-star,316.54,322603.21,7994,7.9,3256,579882,2.1,62314.27,28281151.83,8.2,7.1,8054
India,Delhi,2023,6,155573,Business,3.2,4011.57,73.7,490,1-star,178.04,624091.98,48059,10.3,4425,563066,2.8,50793.25,75513886.35,2.0,7.4,398
Germany,Munich,2022,5,106396,Cultural,9.0,887.14,42.9,88,3-star,488.96,94388.15,17254,2.3,2302,388585,3.7,26724.7,32906710.48,3.4,7.0,2007
Spain,Madrid,2024,6,185909,Family Visit,10.5,1192.64,88.9,377,2-star,312.41,221722.51,23350,7.9,4862,138422,5.2,21614.4,70774684.3,6.0,6.8,1752
Egypt,Cairo,2022,8,168580,Leisure,6.1,755.97,78.3,167,Unrated,186.36,127441.42,48123,13.8,1598,695424,7.1,16160.81,41809493.71,6.0,9.0,3669
Canada,Vancouver,2023,7,90475,Family Visit,9.5,2055.31,80.8,78,2-star,202.69,185954.17,32405,4.1,1297,201899,10.0,30298.42,21885126.47,4.6,5.6,1046
Mexico,Mexico City,2023,9,64693,Cultural,7.0,3468.61,62.1,293,Unrated,228.63,224394.79,16350,8.9,4090,409701,2.2,22307.04,11140606.3,3.4,7.6,6206
Spain,Madrid,2023,7,95875,Business,5.9,1231.42,73.8,53,2-star,380.46,118062.39,13693,2.1,2618,113965,4.3,8813.19,14054425.53,3.3,6.5,9047
Italy,Venice,2020,4,98785,Educational,4.2,4454.46,67.9,300,4-star,244.75,440033.83,35979,12.7,4122,545919,3.9,73696.36,29733924.51,2.8,6.6,5285
India,Mumbai,2021,1,166843,Family Visit,13.9,2119.07,55.3,304,Unrated,473.4,353552.0,13448,7.1,2381,55209,2.6,81499.58,19372842.72,4.6,7.6,8033
Italy,Venice,2022,6,153780,Religious,2.1,4527.79,47.5,61,1-star,477.74,696283.55,13346,7.5,1769,885988,1.1,74274.42,50248709.68,4.2,8.1,5706
South Africa,Johannesburg,2023,10,185028,Leisure,3.5,1071.93,49.5,259,Unrated,222.45,198337.06,43308,18.2,1390,521761,3.4,34884.86,23543630.65,3.0,9.7,9741
Australia,Melbourne,2022,9,105798,Business,9.8,2363.63,87.9,447,5-star,124.08,250067.33,46183,5.2,2154,324864,6.1,24058.88,13101478.29,6.4,8.8,8771
Australia,Melbourne,2024,3,127242,Leisure,4.9,3499.35,44.0,462,2-star,55.55,445264.29,10506,4.5,2895,140140,4.5,27957.05,32970613.2,5.6,7.4,9195
United States,Los Angeles,2024,11,93129,Religious,3.9,2775.64,43.1,94,4-star,298.98,258492.58,16279,11.8,4067,830296,6.0,74949.34,11126861.01,1.9,5.2,3596
United Arab Emirates,Abu Dhabi,2022,11,94439,Religious,8.8,2530.37,56.5,257,4-star,428.97,238965.61,41824,18.8,4036,469515,2.1,42927.88,18730934.65,4.2,9.9,9742
Germany,Frankfurt,2021,10,102413,Medical,7.0,2996.29,43.8,493,5-star,126.44,306859.05,23610,7.3,4706,498648,4.7,17184.49,23979864.92,2.6,5.5,8614
South Africa,Johannesburg,2021,10,175849,Business,9.8,3778.95,55.8,143,3-star,270.68,664524.58,45644,2.8,1641,468641,8.2,145787.69,56055658.37,5.3,9.6,594
Singapore,Singapore City,2023,1,145345,Educational,10.2,3413.56,82.2,358,3-star,359.28,496143.88,34709,16.8,1951,584231,4.6,75621.37,71406293.23,2.6,9.0,6319
Thailand,Bangkok,2021,3,78379,Cultural,7.5,3102.62,81.6,428,4-star,80.59,243180.25,10296,19.2,626,252210,5.1,53241.96,27232322.34,6.1,5.3,6783
Thailand,Bangkok,2020,9,70923,Family Visit,14.9,549.85,76.5,263,Unrated,445.82,38997.01,33756,19.8,2612,604629,4.2,8474.24,20817391.01,4.8,6.8,590
China,Shanghai,2021,10,53729,Medical,9.5,1226.56,63.6,456,Unrated,191.75,65901.84,40755,5.0,1181,595926,8.0,12585.49,10985698.53,7.3,7.8,8066
Japan,Osaka,2024,5,118116,Medical,11.6,3245.49,64.4,392,1-star,192.79,383344.3,17021,9.0,3972,779115,5.6,46785.69,12117017.63,5.5,6.4,2697
Germany,Berlin,2023,11,50901,Leisure,2.3,3131.73,87.1,422,1-star,262.24,159408.19,33311,1.6,1764,371395,4.7,28748.35,23344718.68,2.8,5.1,4703
Turkey,Antalya,2020,2,177466,Educational,9.6,1922.35,71.3,456,1-star,243.35,341151.77,12349,18.3,2164,171897,2.6,39982.78,31847663.39,3.2,6.5,8336
Brazil,Sao Paulo,2024,7,64175,Cultural,12.8,1297.97,76.2,59,5-star,283.13,83297.22,28283,12.0,3147,764483,4.2,16760.22,16363374.77,8.8,6.5,6397
South Africa,Cape Town,2021,6,108755,Medical,5.5,1997.51,67.9,118,2-star,256.33,217239.2,5787,16.3,1122,528977,8.3,11890.88,42889402.82,2.9,5.7,166
Japan,Osaka,2020,12,164159,Medical,6.2,757.03,46.9,316,1-star,149.29,124273.29,16772,1.5,1687,300231,4.7,17291.74,76283103.29,1.4,7.6,671
Singapore,Singapore City,2022,12,198246,Business,10.1,4116.9,44.2,206,1-star,186.52,816158.96,5178,17.8,1234,72616,2.4,107846.87,24143670.41,2.6,9.8,831
Greece,Athens,2024,11,182201,Family Visit,11.4,2151.33,47.4,124,Unrated,340.35,391974.48,30791,13.1,2350,559394,5.7,109901.16,77404641.12,8.4,9.0,1615
United Arab Emirates,Abu Dhabi,2021,1,147206,Educational,11.9,1144.23,72.9,149,1-star,219.5,168437.52,36186,16.0,1667,435134,3.4,42631.15,19572861.4,6.4,7.4,9588
Greece,Athens,2023,8,60785,Medical,5.6,4603.18,44.9,183,1-star,357.14,279804.3,6462,10.5,2878,360809,3.2,35398.54,7626931.44,2.6,5.0,7190
Egypt,Luxor,2020,6,165375,Medical,6.3,3480.41,77.6,377,2-star,442.06,575572.8,37479,15.9,2144,938704,6.4,40572.95,59325782.69,6.6,8.2,6480
Australia,Brisbane,2023,12,100906,Family Visit,4.8,896.68,49.7,172,4-star,426.4,90480.39,27388,13.1,3122,776499,6.2,11488.16,29351540.49,8.1,9.9,6246
Mexico,Mexico City,2020,3,170494,Family Visit,3.4,4274.84,73.6,302,2-star,464.99,728834.57,35480,6.8,4199,228838,6.5,92252.42,39289172.88,1.6,6.7,4757
South Africa,Cape Town,2022,7,171635,Business,5.0,3628.34,71.5,410,Unrated,109.53,622750.14,26991,8.5,2451,534607,1.1,115871.59,84154619.01,4.3,6.8,9180
Egypt,Cairo,2020,11,164012,Business,8.8,2482.99,84.0,464,5-star,104.85,407240.16,26029,2.2,4139,192429,4.7,63345.42,67905161.53,2.8,9.1,2781
Singapore,Singapore City,2023,1,151503,Medical,7.4,2561.13,52.8,179,5-star,468.87,388018.88,11054,7.1,3140,603958,8.6,44583.69,15249913.65,4.4,7.9,6952
Spain,Seville,2023,10,116985,Business,4.9,501.02,85.8,369,5-star,176.63,58611.82,40489,4.2,1945,879690,1.6,13539.76,55161139.71,4.9,5.6,3253
Japan,Tokyo,2020,3,73834,Educational,6.9,3295.99,75.9,154,4-star,387.22,243356.13,45635,19.9,3421,447783,1.4,36005.2,31081213.34,4.1,7.2,394
Canada,Toronto,2022,7,87052,Educational,8.6,4376.51,83.3,335,1-star,400.12,380983.95,46785,1.7,2618,384071,3.9,72618.34,18435709.16,8.0,9.4,8343
Germany,Munich,2024,8,81601,Family Visit,3.3,3678.67,57.3,300,Unrated,196.65,300183.15,12465,5.5,3238,946197,4.0,77111.32,8179616.96,3.8,6.2,4731
South Africa,Johannesburg,2020,10,94462,Educational,4.4,2426.7,43.1,365,4-star,237.83,229230.94,27813,9.3,3783,68557,5.4,30382.04,13481643.24,9.6,5.3,3930
Italy,Rome,2022,1,91081,Business,5.9,1941.81,48.2,159,1-star,462.11,176862.0,33610,13.1,2005,74354,7.8,10732.85,40609460.44,2.1,5.9,9188
Turkey,Antalya,2021,8,105514,Educational,11.6,1125.51,62.0,103,5-star,55.95,118757.06,7895,3.2,4183,154127,9.2,30271.91,48038048.83,2.8,6.4,6066
Australia,Sydney,2024,5,59196,Cultural,7.1,2950.5,48.0,196,3-star,365.42,174657.8,29700,9.5,3199,281237,6.9,26687.89,21626963.43,2.1,7.0,8181
China,Shanghai,2023,6,64380,Educational,4.4,4778.68,50.5,384,3-star,479.13,307651.42,11937,15.0,1047,650684,8.7,24290.85,24617785.0,5.5,9.1,5043
India,Delhi,2022,8,58997,Cultural,7.0,3988.56,57.1,128,2-star,332.85,235313.07,40228,3.8,3228,766438,7.7,60354.33,22337713.22,9.3,9.1,3744
Egypt,Cairo,2023,12,133123,Business,10.3,2101.81,47.4,275,1-star,359.96,279799.25,12099,3.5,2621,967106,3.1,34967.74,47540623.27,6.4,8.5,766
United Kingdom,Manchester,2024,11,132203,Cultural,4.7,2610.68,80.0,179,Unrated,220.2,345139.73,27641,17.8,4172,188454,4.7,23493.4,43668547.37,8.7,8.6,2323
Brazil,Sao Paulo,2022,1,136442,Religious,3.1,1409.67,67.3,415,Unrated,184.09,192338.19,36376,5.4,3701,284847,5.4,15543.21,30436340.13,9.3,5.8,2515
Australia,Sydney,2021,7,141229,Religious,4.7,3837.05,67.3,232,1-star,177.07,541902.73,30161,11.2,2821,522617,2.5,151257.13,32643004.39,4.3,8.8,9026
Japan,Osaka,2020,8,104675,Medical,9.6,3105.34,42.7,254,2-star,165.68,325051.46,45718,5.1,2794,87394,1.8,55858.83,39417090.33,3.4,8.1,5699
Australia,Sydney,2024,3,199172,Leisure,4.5,4627.49,67.7,466,5-star,243.89,921666.44,32454,14.8,1165,987314,9.9,228408.37,67828747.25,4.1,7.7,1312
France,Lyon,2022,10,106117,Cultural,7.1,730.69,60.1,193,3-star,252.66,77538.63,8228,9.8,3705,349155,2.7,18403.2,33774747.65,2.8,6.5,4733
United Arab Emirates,Dubai,2021,4,102344,Religious,8.3,1472.14,88.4,302,1-star,228.1,150664.7,39305,9.1,3857,514432,9.1,27309.84,39188701.18,3.3,7.2,7167
Singapore,Sentosa Island,2021,9,169779,Educational,2.7,599.39,57.9,254,Unrated,348.49,101763.83,20613,3.6,1799,432650,9.4,17614.36,64574811.01,8.7,7.1,2821
United Kingdom,London,2021,2,127355,Family Visit,10.4,807.98,84.9,327,5-star,98.67,102900.29,25659,16.5,3622,418615,5.3,27128.31,30056003.43,8.8,5.4,915
South Africa,Cape Town,2020,7,110038,Family Visit,13.0,1318.18,61.5,427,4-star,382.94,145049.89,31292,11.2,3842,764114,2.8,14930.92,12830313.08,3.9,7.8,8107
Brazil,Sao Paulo,2021,12,84409,Family Visit,10.7,2459.28,87.7,63,3-star,363.29,207585.37,5363,2.8,1045,446456,8.4,15640.51,35178001.9,8.3,7.4,9162
Egypt,Luxor,2024,5,175865,Medical,4.2,2208.82,70.9,181,Unrated,312.21,388454.13,37786,18.5,829,755377,2.7,51313.38,51859915.84,1.2,6.2,2667
Spain,Seville,2020,12,197193,Business,6.3,2836.91,49.9,261,5-star,165.87,559418.79,28331,2.6,2800,498013,8.7,132855.48,83224662.9,2.2,5.3,7098
Spain,Barcelona,2021,6,63440,Leisure,11.4,4263.87,83.1,135,4-star,201.35,270499.91,20734,1.8,2180,844865,1.6,35476.68,23415855.91,4.0,5.9,6300
Germany,Berlin,2020,5,98570,Leisure,12.2,3875.69,62.8,353,3-star,101.41,382026.76,22400,15.6,4365,861032,2.1,22583.61,11936588.55,8.5,5.6,2723
Canada,Toronto,2023,4,189718,Family Visit,7.7,4297.97,53.1,466,4-star,226.97,815402.27,25914,12.0,4997,699837,4.2,166590.68,86117397.64,3.1,7.0,8468
Germany,Berlin,2020,6,164826,Cultural,13.3,3040.88,65.8,62,1-star,365.39,501216.09,21195,17.1,1453,944230,3.4,46332.32,22788229.35,4.8,5.6,4252
Germany,Berlin,2023,1,146367,Medical,9.9,2958.83,52.5,334,4-star,149.14,433075.07,7663,11.6,1773,315470,1.9,23389.1,71057384.01,4.4,8.0,5192
Australia,Brisbane,2022,1,95337,Religious,13.1,2056.36,41.8,303,Unrated,394.86,196047.19,48790,17.7,3901,970396,3.4,25300.63,41756494.51,5.3,8.3,8546
France,Paris,2022,5,152127,Religious,4.0,2178.5,50.5,157,2-star,327.48,331408.67,25900,19.9,1508,201770,8.6,33638.45,73148482.08,4.1,9.9,4811
France,Marseille,2021,8,106116,Medical,6.1,539.5,59.1,305,3-star,448.36,57249.58,31331,10.6,4408,667397,6.7,11753.14,15736860.01,9.8,5.9,2765
Canada,Toronto,2021,6,133308,Medical,10.8,2135.32,86.9,373,5-star,332.83,284655.24,33742,14.3,1723,397236,9.4,28807.28,55882608.83,7.6,5.3,3766
Australia,Brisbane,2021,5,87045,Medical,5.7,1870.21,89.1,451,5-star,71.15,162792.43,34475,19.6,3519,53681,8.2,25824.21,38979923.39,2.6,9.7,8517
United Kingdom,London,2023,7,168888,Leisure,9.7,2701.52,46.7,483,Unrated,384.07,456254.31,41175,2.1,3640,829105,5.3,41977.68,40857201.86,4.6,5.3,8198
Canada,Montreal,2022,8,78333,Leisure,13.5,1182.84,69.9,343,5-star,408.05,92655.41,13624,6.4,1335,330790,1.1,20655.67,28555282.43,1.3,6.8,5387
United States,New York,2023,6,141186,Medical,8.7,4355.76,63.3,129,2-star,291.27,614972.33,10580,17.4,3991,443922,7.3,43543.59,62853726.95,5.3,5.3,1434
Thailand,Phuket,2020,11,137508,Educational,7.4,4449.87,50.2,392,Unrated,121.3,611892.72,49115,2.0,664,417508,3.6,102401.29,60935723.24,3.7,6.0,4257
Mexico,Mexico City,2023,6,77043,Business,5.9,4010.22,63.6,56,Unrated,54.29,308959.38,19017,7.5,3539,578425,4.0,19501.65,21579321.69,3.3,6.8,2838
Mexico,Puerto Vallarta,2024,4,73956,Medical,3.3,3742.06,54.1,134,3-star,394.64,276747.79,25528,1.4,4664,741257,2.2,46197.55,25319481.95,4.9,5.1,3655
South Africa,Cape Town,2020,1,115184,Religious,3.5,3242.78,68.4,92,4-star,290.99,373516.37,43265,5.8,761,797320,9.0,50034.05,39856877.82,9.3,9.8,9274
United States,Las Vegas,2023,5,184515,Cultural,7.9,1754.12,87.9,169,Unrated,262.51,323661.45,19254,6.4,4614,837839,7.4,63731.12,79016097.6,4.5,7.2,9468
United Kingdom,Manchester,2022,12,169020,Medical,8.6,1664.57,55.8,158,1-star,441.36,281345.62,29502,14.5,872,278300,4.1,69927.21,59171611.78,9.4,8.4,8994
United Kingdom,Manchester,2024,1,168313,Medical,14.5,2918.93,40.7,480,4-star,290.36,491293.87,36331,15.2,1257,626250,3.1,132970.58,23360414.58,1.5,5.6,7937
France,Marseille,2021,9,175212,Family Visit,5.0,2947.04,74.7,195,2-star,90.75,516356.77,22106,12.6,1028,218733,7.9,47822.71,44469913.9,4.1,7.2,1019
Singapore,Singapore City,2024,3,170507,Leisure,12.3,3094.2,57.1,125,1-star,367.47,527582.76,24156,5.3,2045,509822,2.3,50833.77,29467915.17,5.6,9.2,7294
Turkey,Antalya,2022,9,171361,Educational,10.5,4426.34,52.2,121,3-star,312.4,758502.05,26665,8.1,1925,328011,5.1,112728.46,76568219.97,3.2,9.8,2694
Singapore,Sentosa Island,2024,8,101588,Medical,8.7,3605.55,81.9,497,4-star,249.55,366280.61,23625,11.0,1673,782318,3.5,85752.99,12257907.04,1.4,6.9,9450
Spain,Madrid,2020,2,137736,Educational,2.6,4768.34,75.6,347,2-star,189.26,656772.08,26387,10.8,2564,677907,4.6,33283.26,60600892.23,4.4,7.5,809
Singapore,Singapore City,2020,2,164161,Family Visit,9.7,3828.12,50.5,93,5-star,359.24,628428.01,25805,17.0,2761,664229,9.6,42837.67,29489449.96,4.1,8.1,5595
Thailand,Chiang Mai,2021,9,78481,Medical,3.6,1803.78,51.9,183,Unrated,392.15,141562.46,31569,1.1,3270,734308,4.5,41635.52,37817368.14,8.2,6.2,9483
India,Mumbai,2024,1,91269,Religious,6.7,1705.07,61.6,373,Unrated,385.97,155620.03,38932,7.8,2267,541874,6.7,46411.47,37519499.0,3.0,5.9,2681
Spain,Barcelona,2020,10,125118,Medical,3.8,4379.95,80.8,445,Unrated,377.16,548010.58,19419,17.2,1536,322168,1.9,105352.73,39110848.13,5.1,7.0,4057
Germany,Munich,2022,6,184479,Leisure,9.4,509.34,53.0,267,4-star,310.69,93962.53,40654,4.3,2429,611001,7.4,15142.71,20446260.18,5.0,6.5,1193
Mexico,Cancun,2022,7,53880,Religious,3.6,3436.14,42.6,458,4-star,299.29,185139.22,48333,14.4,1593,231413,8.3,44792.8,7844192.8,6.8,9.2,8340
Turkey,Antalya,2021,9,96705,Family Visit,8.9,654.7,71.9,422,1-star,439.78,63312.76,49786,6.6,3197,997790,2.2,14113.1,40423136.27,2.5,5.5,262
Germany,Munich,2024,5,123313,Medical,13.4,2876.85,63.4,364,2-star,459.8,354753.0,18403,17.5,3207,385639,6.8,45740.38,42987835.37,3.0,7.2,9874
Italy,Florence,2021,7,155185,Religious,14.6,2542.67,65.3,196,4-star,381.16,394584.24,33853,13.1,2726,538195,5.2,97570.43,52942472.79,6.9,10.0,5422
Egypt,Cairo,2022,1,109412,Medical,7.3,2065.02,41.1,213,2-star,419.83,225937.97,42201,17.7,946,806322,5.9,25705.72,44547155.48,7.8,7.9,1174
China,Beijing,2020,6,193233,Business,12.7,3656.75,63.0,118,Unrated,436.25,706604.77,6211,15.9,3685,606107,4.6,199877.11,45466253.8,9.2,9.9,9297
Brazil,Sao Paulo,2023,7,121356,Cultural,11.7,3647.9,55.3,75,2-star,192.05,442694.55,35461,13.7,1780,905695,6.4,118387.13,55378730.48,5.0,7.3,248
Germany,Munich,2020,9,172689,Leisure,10.7,4195.67,52.2,407,4-star,427.48,724546.06,9551,5.6,3770,523919,4.0,82282.92,60859015.47,1.2,8.6,2411
United States,San Francisco,2023,10,99756,Religious,9.1,911.09,77.8,334,1-star,377.35,90886.69,17067,4.6,3433,157044,1.5,17900.1,43507509.12,1.2,5.2,4873
Italy,Rome,2020,3,193518,Leisure,12.7,1970.33,57.5,140,Unrated,173.4,381294.32,22948,15.0,3791,241303,7.7,83430.14,35288548.24,4.2,5.6,3985
Turkey,Antalya,2023,3,167569,Religious,10.8,4363.7,88.1,379,1-star,280.78,731220.85,42528,3.0,566,932693,6.2,149586.77,69136428.3,7.3,9.2,2351
Brazil,Sao Paulo,2023,11,149108,Medical,8.5,4776.38,55.0,498,3-star,191.37,712196.47,43784,1.6,4049,914360,2.5,162420.0,25401459.35,3.1,7.5,8189
China,Shanghai,2024,5,109902,Leisure,14.0,4892.39,51.1,65,4-star,389.17,537683.45,35962,5.4,1794,392776,4.2,138815.58,32680753.28,9.2,9.6,2541
Turkey,Istanbul,2021,11,67482,Religious,5.8,1826.68,57.7,264,Unrated,424.87,123268.02,33930,5.9,2596,323945,2.8,35356.35,12298499.69,6.5,6.1,8967
Canada,Toronto,2021,2,55147,Leisure,8.8,2610.77,43.6,335,4-star,91.86,143976.13,39808,11.9,2115,445065,5.6,11058.17,14856204.95,5.1,8.7,5895
South Africa,Cape Town,2024,12,158835,Family Visit,5.1,1242.2,46.2,451,3-star,291.77,197304.84,6044,5.1,2082,857733,2.5,31124.04,48318894.28,2.3,7.1,6804
Brazil,Rio de Janeiro,2021,9,105809,Educational,11.0,3534.32,89.0,148,3-star,151.82,373962.86,11073,5.6,2503,575825,2.0,91686.28,49103676.68,4.4,8.2,5610
United States,Miami,2020,6,139846,Family Visit,3.0,3080.44,44.9,81,Unrated,473.34,430787.21,35544,19.1,861,594392,6.6,72595.86,62969024.94,3.4,5.0,7381
China,Guangzhou,2022,11,98270,Leisure,6.1,4061.13,74.0,309,2-star,332.04,399087.25,43328,2.8,3802,771615,9.4,117711.14,43968074.67,2.6,5.2,9847
Japan,Kyoto,2021,8,152511,Cultural,15.0,1451.44,53.3,402,3-star,484.45,221360.57,42383,10.6,2424,65733,9.9,30122.08,19018877.32,7.6,7.6,2261
France,Lyon,2021,10,136489,Educational,6.9,897.79,57.1,111,2-star,238.52,122538.46,26059,8.9,1664,458294,9.9,31273.32,29016322.21,1.6,5.3,6819
Italy,Florence,2021,7,131899,Leisure,12.2,1596.69,55.3,118,Unrated,250.65,210601.81,5767,19.7,3954,617256,7.8,36857.1,19933201.78,6.2,6.5,9830
Egypt,Luxor,2021,2,121805,Religious,13.2,2051.46,59.5,354,1-star,448.97,249878.09,39800,14.6,3070,633526,9.2,22140.18,42718013.25,1.3,8.2,7966
Australia,Brisbane,2021,6,183085,Educational,4.7,3812.16,56.0,313,5-star,446.89,697949.31,40694,19.2,4876,190562,4.7,167919.84,28845126.36,1.1,5.1,2173
Australia,Brisbane,2022,3,99853,Educational,8.8,1398.33,77.5,237,5-star,373.13,139627.45,29530,17.7,866,386399,8.3,27521.66,18403431.11,3.1,8.1,7956
Greece,Athens,2020,2,80988,Cultural,2.4,2935.57,42.6,67,5-star,141.92,237745.94,13989,18.3,4288,220534,5.6,38128.74,12331966.0,3.6,9.3,777
Italy,Rome,2022,8,115641,Leisure,11.3,3138.06,64.6,379,2-star,86.76,362888.4,24641,18.4,2061,463606,9.4,75942.19,53133232.67,5.1,5.7,700
Spain,Seville,2021,10,175580,Leisure,8.0,1317.34,55.1,58,3-star,124.05,231298.56,30473,17.2,725,980866,9.4,18806.31,44390408.28,1.3,9.3,8995
Egypt,Luxor,2022,5,120246,Educational,6.0,4829.96,88.2,170,Unrated,372.9,580783.37,25608,13.8,2576,630305,1.9,102966.79,13211185.34,4.7,6.1,9721
Italy,Florence,2020,1,83123,Cultural,14.9,4102.41,82.3,192,5-star,235.01,341004.63,7024,1.4,2365,570112,9.7,46169.5,19567382.94,1.1,8.4,2006
Japan,Kyoto,2024,9,57961,Medical,14.7,3425.51,77.1,353,4-star,70.19,198545.99,20682,13.0,4485,362712,6.6,16579.83,8479927.22,8.6,5.7,3171
China,Guangzhou,2024,5,66939,Educational,8.3,4538.9,85.4,217,3-star,203.66,303829.43,18186,16.7,3819,199805,8.2,79765.31,14436073.7,9.6,5.2,5157
Canada,Montreal,2023,8,152302,Medical,9.5,3403.18,40.8,269,5-star,291.41,518311.12,29074,3.7,4571,943544,1.1,32331.29,51743604.62,4.1,9.8,440
Singapore,Sentosa Island,2020,3,175788,Religious,11.3,4181.66,73.4,74,4-star,276.45,735085.65,14241,10.2,3284,688464,2.6,197075.46,60690190.97,2.4,9.8,6575
China,Shanghai,2024,3,143789,Religious,2.9,3320.75,52.7,224,Unrated,103.75,477487.32,21251,19.6,1938,577831,7.6,127304.22,44337751.02,7.0,9.1,7127
Thailand,Phuket,2023,12,115867,Cultural,5.9,502.82,88.2,305,3-star,90.82,58260.24,5727,2.5,3743,415543,7.5,4386.5,40467145.48,4.2,8.9,9095
Australia,Melbourne,2024,6,144192,Family Visit,10.3,1560.57,75.7,329,Unrated,411.01,225021.71,25625,17.5,3661,374036,2.1,35302.64,23697106.98,7.3,8.8,8724
Germany,Frankfurt,2023,5,98928,Cultural,12.6,4712.73,65.7,235,5-star,291.06,466220.95,48795,12.1,3013,385510,4.0,29772.05,31822670.38,6.3,9.7,9846
Thailand,Bangkok,2021,5,144533,Cultural,12.3,2689.17,56.7,245,2-star,490.25,388673.81,25823,19.0,1358,514271,2.5,64196.55,32207025.12,1.3,6.6,1547
India,Delhi,2024,1,183922,Cultural,7.8,4844.83,58.9,322,2-star,133.0,891070.82,20493,9.7,2951,279016,2.9,202561.81,19948167.12,4.8,8.9,7834
Germany,Frankfurt,2020,6,120400,Family Visit,14.3,4626.85,69.2,286,2-star,433.64,557072.74,36225,17.6,1266,167369,4.9,54173.33,25611360.4,3.4,7.6,3613
Canada,Montreal,2024,10,194407,Business,14.3,4894.2,58.8,337,5-star,65.59,951466.74,32684,14.3,3055,924722,9.9,110619.26,71701928.69,1.5,5.6,3014
Brazil,Rio de Janeiro,2023,2,161850,Business,15.0,4110.23,79.3,149,Unrated,377.39,665240.73,21779,12.2,1438,175604,7.8,123013.29,21201289.98,1.2,5.5,8505
South Africa,Johannesburg,2021,9,163457,Leisure,3.5,4322.59,66.6,461,4-star,212.75,706557.59,13314,15.1,1662,913460,7.8,52152.59,18141802.29,4.6,10.0,9226
Thailand,Bangkok,2021,8,178411,Business,10.8,1412.93,77.3,64,5-star,111.23,252082.25,22493,10.4,871,695099,1.1,58604.3,81265961.92,1.6,7.3,4566
Canada,Vancouver,2023,12,127924,Cultural,10.4,1861.8,63.0,290,4-star,74.53,238168.9,45030,10.7,3265,355218,8.9,45947.48,29763199.22,7.5,7.5,5699
Australia,Brisbane,2022,4,199725,Family Visit,14.6,598.92,80.1,375,3-star,183.75,119619.3,32909,5.9,3403,762932,1.9,11932.36,99850456.14,1.0,8.2,3195
Spain,Barcelona,2024,1,197776,Religious,14.0,921.35,87.8,429,5-star,50.57,182220.92,47964,18.5,2663,490924,9.3,31145.69,44741161.58,8.1,8.4,2265
China,Shanghai,2023,10,167996,Cultural,11.0,1595.88,86.6,354,5-star,170.57,268101.46,36047,8.0,1805,235784,8.0,37641.94,44110275.69,8.3,6.9,9777
India,Delhi,2024,7,196161,Medical,14.4,816.82,57.7,458,5-star,310.35,160228.23,38988,11.5,4306,227129,9.7,14386.86,47404596.56,4.8,7.0,9210
Italy,Florence,2024,3,52413,Leisure,4.9,3781.45,65.0,164,1-star,323.02,198197.14,42679,4.6,1292,654019,1.8,37500.82,23939598.55,3.6,6.6,5293
Australia,Sydney,2020,7,51214,Business,7.1,667.5,85.9,172,3-star,426.33,34185.35,42792,17.8,2886,989805,5.7,3337.99,14586553.16,9.1,5.3,3945
United Kingdom,Manchester,2024,10,160186,Family Visit,6.4,4547.81,87.0,307,2-star,467.77,728495.49,21608,16.9,735,652294,8.0,149694.3,54898490.72,8.6,7.7,848
Thailand,Chiang Mai,2022,10,193250,Religious,8.6,781.0,59.2,89,4-star,113.73,150928.25,18072,9.2,4732,941255,7.7,43936.43,74816395.88,9.9,8.5,7590
India,Mumbai,2023,6,169547,Leisure,10.7,3659.71,58.6,327,4-star,402.32,620492.85,13998,10.2,1825,217973,6.1,109193.25,17871179.0,4.3,8.0,2018
South Africa,Johannesburg,2020,12,105568,Leisure,13.6,2677.32,76.4,270,2-star,174.89,282639.32,15683,4.7,904,526857,6.8,16202.26,36657557.55,5.6,7.7,6482
Australia,Brisbane,2022,1,108759,Medical,4.5,4778.35,60.4,61,4-star,442.17,519688.57,35936,14.6,4759,741750,4.8,38248.75,16344559.47,4.7,8.8,7520
United Kingdom,London,2022,8,157293,Educational,10.6,973.49,73.6,407,2-star,421.03,153123.16,37563,2.4,521,346412,9.8,30481.41,60383970.11,1.1,7.6,5214
Egypt,Cairo,2021,2,120198,Family Visit,12.1,2510.53,62.4,282,Unrated,463.84,301760.68,35028,13.8,844,691687,9.2,55946.2,42281988.49,3.3,9.0,1778
Italy,Venice,2023,8,156718,Business,8.5,770.49,85.8,406,1-star,202.27,120749.65,33615,12.5,1164,526492,7.5,23590.07,75084821.34,1.5,5.5,767
Italy,Florence,2023,6,88744,Cultural,10.4,4514.26,76.6,116,5-star,496.32,400613.49,47662,6.3,1097,82125,6.8,92869.06,31371149.09,2.3,7.2,5601
Italy,Venice,2020,2,56895,Religious,7.8,4634.36,62.0,113,1-star,447.1,263671.91,24932,12.1,1731,786786,5.7,14738.73,15105233.28,3.7,8.7,3983
Singapore,Singapore City,2023,7,135435,Educational,13.1,2282.25,50.0,475,5-star,448.66,309096.53,32750,15.5,723,611669,9.9,51408.74,16698476.25,3.4,7.2,1441
Australia,Sydney,2024,9,168724,Cultural,14.3,3950.82,53.4,395,2-star,131.39,666598.15,27942,18.9,1343,452932,8.0,127011.07,54174164.46,2.0,5.6,1075
Germany,Munich,2021,5,57213,Medical,11.3,1635.81,72.8,383,Unrated,317.87,93589.6,44601,20.0,2409,403383,4.9,11421.78,19542140.14,1.4,5.5,3161
United States,Las Vegas,2022,11,154470,Family Visit,13.8,1360.59,70.8,180,4-star,153.68,210170.34,28763,7.6,1567,857039,7.2,60360.42,32009099.61,8.3,5.3,3279
Brazil,Rio de Janeiro,2023,7,101514,Family Visit,14.3,3768.37,51.0,316,Unrated,341.38,382542.31,25968,14.6,3861,505651,5.7,30322.64,31598373.29,2.1,8.0,6742
Singapore,Singapore City,2023,12,119893,Business,3.5,1708.27,64.6,220,2-star,240.97,204809.62,26168,6.3,2272,471001,7.4,22437.38,30629052.75,5.0,9.5,8828
Egypt,Luxor,2023,8,146134,Medical,4.9,4012.12,50.1,274,4-star,492.52,586307.14,27538,1.7,534,87310,3.6,111342.2,30942132.05,4.1,9.6,4539
Italy,Rome,2024,3,100255,Business,13.4,637.06,44.5,177,3-star,333.75,63868.45,27401,5.0,3884,801690,7.6,13209.82,28941563.95,9.6,8.4,7048
South Africa,Johannesburg,2022,9,160160,Educational,11.5,3809.59,44.0,441,2-star,428.73,610143.93,44873,5.4,3262,769831,3.9,64131.91,75293662.91,8.8,7.5,458
Turkey,Antalya,2023,9,152081,Leisure,9.9,1348.25,80.2,214,2-star,201.38,205043.21,44709,10.4,4308,284622,7.0,22589.69,60443225.79,7.8,6.6,8228
Spain,Madrid,2023,4,100227,Religious,5.4,616.53,54.3,450,Unrated,73.82,61792.95,21988,6.4,1097,895308,2.7,12002.29,16230415.38,4.2,8.5,816
United States,San Francisco,2020,9,152390,Business,7.5,3029.5,40.3,319,1-star,126.24,461665.51,38837,14.4,1863,87276,4.3,88746.12,68984451.95,9.5,8.7,3373
Italy,Florence,2020,4,160545,Family Visit,7.7,2028.62,76.0,438,4-star,135.98,325684.8,11554,7.8,3890,962752,7.7,38456.49,23600233.17,3.3,9.6,500
Turkey,Istanbul,2021,8,69239,Religious,8.9,3183.77,58.3,252,2-star,284.06,220441.05,26217,3.2,2910,851123,9.4,28015.42,31006364.4,7.9,6.2,8425
India,Delhi,2021,1,173313,Leisure,11.5,1398.51,58.6,395,4-star,140.39,242379.96,37471,3.2,752,104213,5.4,44890.41,74064315.14,2.5,9.0,3341
United Kingdom,London,2022,9,85825,Medical,11.1,2354.08,46.9,338,5-star,468.41,202038.92,16688,13.1,1212,601039,6.5,23026.0,22557445.84,7.1,6.1,1179
Canada,Vancouver,2023,4,175758,Medical,8.5,1683.86,76.2,471,3-star,358.57,295951.87,14777,9.2,4485,193953,3.9,27991.98,34404265.48,4.8,6.3,2753
China,Guangzhou,2024,6,177785,Cultural,11.5,3018.73,58.0,435,5-star,224.63,536684.91,29124,18.0,4683,442515,4.0,126716.96,28586418.7,2.2,6.7,5489
Brazil,Rio de Janeiro,2021,2,135283,Religious,5.2,784.64,46.6,257,5-star,335.2,106148.45,44349,11.6,921,748093,8.9,25272.51,14483136.08,5.7,7.6,1408
Italy,Venice,2020,9,167674,Leisure,4.7,4095.27,80.2,253,1-star,354.67,686670.3,25317,6.4,1939,465769,7.0,95366.45,71017218.67,3.7,7.9,9034
China,Beijing,2023,10,83734,Family Visit,6.9,1862.45,63.0,98,3-star,409.32,155950.39,43452,5.6,2415,898039,4.1,27221.09,23065962.89,3.0,5.7,3338
Germany,Frankfurt,2024,6,80408,Religious,4.0,3674.1,52.2,321,3-star,397.52,295427.03,5486,16.7,3696,551072,6.2,72865.86,8596838.84,5.9,9.3,338
Egypt,Luxor,2023,9,122379,Business,4.9,4700.55,57.2,181,2-star,349.0,575248.61,16864,4.4,3312,426826,5.0,49305.41,49649238.53,8.1,8.2,7904
India,Mumbai,2022,6,81113,Family Visit,14.9,3556.27,43.7,320,1-star,499.89,288459.73,10956,6.5,3465,85135,3.7,20657.86,8157642.88,5.0,9.2,9477
United States,San Francisco,2022,5,53262,Cultural,8.0,784.35,69.9,237,2-star,123.83,41776.05,20329,16.1,3920,461811,3.1,11293.09,12319609.03,2.0,9.4,4641
South Africa,Cape Town,2020,4,95771,Medical,7.6,1792.66,76.8,78,5-star,190.72,171684.84,43409,2.0,2501,466512,5.3,30179.34,21680095.86,7.6,9.4,6623
Australia,Brisbane,2023,10,62397,Cultural,13.1,2977.45,81.3,231,3-star,106.23,185783.95,18824,14.1,1282,819776,3.3,55651.35,10930106.4,2.3,5.5,8177
Canada,Vancouver,2020,8,86490,Leisure,10.2,2143.53,66.8,369,5-star,409.86,185393.91,18806,19.2,1416,669212,3.8,45143.19,10450496.97,1.1,9.0,1068
India,Delhi,2024,8,122833,Religious,3.7,1560.05,86.6,330,1-star,318.93,191625.62,46941,10.2,4029,50801,9.8,55847.87,22860157.08,8.3,6.0,9421
Brazil,Rio de Janeiro,2023,12,78363,Business,14.5,1804.66,82.6,64,2-star,280.19,141418.57,19855,18.8,3685,699362,4.3,28959.74,12832564.54,9.7,9.6,2989
Greece,Santorini,2021,8,59569,Leisure,3.1,4592.5,49.7,91,Unrated,189.44,273570.63,12612,12.4,3255,892329,4.9,40084.88,22393743.02,6.4,5.5,6720
Canada,Toronto,2020,11,174746,Medical,11.6,4964.34,71.5,248,3-star,82.36,867498.56,43677,17.6,1180,877363,3.7,128571.76,30031932.69,6.2,9.8,7686
Japan,Tokyo,2024,4,124408,Leisure,3.1,3290.01,57.0,364,5-star,245.61,409303.56,18541,4.6,3727,72948,7.9,41532.78,28448943.1,5.2,9.7,2417
Brazil,Rio de Janeiro,2024,10,151925,Business,3.4,4288.93,64.1,380,2-star,257.26,651595.69,19274,10.1,1793,216305,5.4,50765.16,22205537.84,8.2,7.6,8544
Brazil,Rio de Janeiro,2022,1,118295,Leisure,2.5,3395.16,53.1,391,5-star,153.94,401630.45,20248,16.2,3068,720397,9.1,27079.0,14584236.24,9.3,8.2,4910
South Africa,Johannesburg,2020,1,187863,Family Visit,10.7,2890.4,44.9,143,2-star,470.48,542999.22,14967,4.3,935,972451,8.9,101734.79,68095004.91,4.4,6.4,9107
Greece,Santorini,2021,7,124495,Religious,13.2,3443.35,65.6,363,4-star,107.94,428679.86,35418,9.5,3648,567561,6.1,62451.07,50156003.78,3.8,8.0,8433
United Arab Emirates,Dubai,2021,2,198348,Religious,2.1,825.75,54.5,201,1-star,111.43,163785.86,15892,14.5,3874,488895,8.1,18137.05,91903773.07,1.8,7.3,7731
India,Delhi,2023,5,89994,Medical,10.8,3661.83,87.8,356,Unrated,193.57,329542.73,23205,19.1,3151,649830,8.6,46315.72,32774724.84,5.2,6.0,8849
Mexico,Cancun,2022,8,110645,Leisure,10.4,4324.29,54.6,206,3-star,386.9,478461.07,17213,3.5,3637,681445,5.8,135742.04,48018016.95,8.6,6.5,3226
United Kingdom,London,2020,3,62120,Family Visit,12.5,2160.44,82.7,366,3-star,158.32,134206.53,24093,14.2,4905,225885,9.1,20281.66,17533385.29,7.4,9.1,830
Singapore,Sentosa Island,2022,3,197000,Business,4.4,4240.61,78.3,106,5-star,224.23,835400.17,42134,11.1,3416,917190,3.2,85259.23,39438056.2,8.3,6.4,2789
Greece,Santorini,2023,9,139110,Educational,8.6,4395.4,52.1,461,1-star,82.99,611444.09,12999,15.2,4121,168371,8.4,177256.44,58017910.86,6.4,7.5,1745
South Africa,Cape Town,2023,5,60435,Cultural,7.0,1185.03,73.3,59,4-star,166.73,71617.29,48005,12.1,901,678203,2.4,19031.65,12474300.76,6.3,7.5,7980
South Africa,Cape Town,2023,6,187521,Medical,14.1,2223.76,76.5,226,5-star,407.88,417001.7,33952,9.5,4984,861624,9.4,71286.12,55539902.03,2.1,9.0,8305
Australia,Sydney,2020,2,66365,Business,13.7,4598.71,87.2,395,5-star,177.69,305193.39,39012,3.5,3970,557730,4.5,33746.25,31178125.23,5.7,5.1,1009
China,Shanghai,2024,7,164110,Business,4.9,4125.24,42.9,112,5-star,336.83,676993.14,37624,11.9,1715,969199,4.7,111714.72,35951824.43,1.3,8.0,110
Turkey,Istanbul,2020,5,190302,Family Visit,2.5,4975.67,64.1,177,1-star,360.18,946879.95,18662,7.8,2289,986924,1.4,103359.79,86758604.94,1.1,6.0,7183
United States,Miami,2023,9,88262,Family Visit,10.0,1677.52,43.3,107,3-star,348.85,148061.27,12689,17.7,4890,531947,7.5,41393.68,23231986.89,2.7,7.6,6575
Spain,Barcelona,2024,5,195800,Business,2.1,3654.55,45.7,158,Unrated,105.12,715560.89,43699,15.9,1745,167408,1.6,85535.22,44995360.76,9.5,6.4,7081
South Africa,Cape Town,2024,12,105654,Leisure,11.9,522.85,85.9,414,1-star,331.82,55241.19,10958,15.0,2678,896626,2.2,13460.52,21756961.46,9.4,8.6,873
Australia,Sydney,2023,3,115888,Business,6.0,3450.33,52.0,167,Unrated,419.21,399851.84,32213,10.7,4977,636510,7.6,48753.78,45755526.77,1.6,9.3,5856
United Kingdom,Manchester,2022,8,192326,Business,7.7,3249.61,71.2,236,5-star,256.21,624984.49,20545,5.6,4608,534427,4.1,157455.36,46649863.67,1.9,9.8,9216
China,Shanghai,2024,1,59795,Medical,7.3,4010.38,78.6,379,4-star,265.1,239800.67,36042,12.3,3660,603669,6.4,45555.56,17613335.64,5.5,5.9,970
Spain,Barcelona,2022,8,130770,Leisure,9.0,1089.86,78.3,57,1-star,169.29,142520.99,20321,17.6,2212,692216,3.6,24609.61,36019886.99,7.8,7.1,7827
